File accession	File format	Output type	Experiment accession	Assay	Biosample term id	Biosample term name	Biosample type	Biosample organism	Biosample treatments	Biosample treatments amount	Biosample treatments duration	Biosample genetic modifications methods	Biosample genetic modifications categories	Biosample genetic modifications targets	Biosample genetic modifications gene targets	Biosample genetic modifications site coordinates	Biosample genetic modifications zygosity	Experiment target	Library made from	Library depleted in	Library extraction method	Library lysis method	Library crosslinking method	Library strand specific	Experiment date released	Project	RBNS protein concentration	Library fragmentation method	Library size range	Biological replicate(s)	Technical replicate	Read length	Mapped read length	Run type	Paired end	Paired with	Derived from	Size	Lab	md5sum	dbxrefs	File download URL	Assembly	Genome annotation	Platform	Controlled by	File Status	Restricted	Audit WARNING	Audit INTERNAL_ACTION	Audit NOT_COMPLIANT	Audit ERROR
ENCFF434VBG	bigWig	signal	ENCSR579AXB	whole-genome shotgun bisulfite sequencing	UBERON:0002084	heart left ventricle	tissue	Homo sapiens											DNA		QIAGEN DNeasy Blood & Tissue Kit			False	2013-07-31	Roadmap				1							ENCFF093BBI, ENCFF246HVP, ENCFF479WOW	8552748768	ENCODE Processing Pipeline	1515ff4cb50320c0ffd6ce5ab5c3ae3a		https://www.encodeproject.org/files/ENCFF434VBG/@@download/ENCFF434VBG.bigWig	GRCh38				released			incorrect file bucket		
ENCFF423PGW	bigWig	signal	ENCSR482VHG	whole-genome shotgun bisulfite sequencing	EFO:0003042	H1-hESC	cell line	Homo sapiens											DNA		see document			False	2013-07-31	Roadmap				2							ENCFF246HVP, ENCFF415JWE, ENCFF543MGN, ENCFF628LEA	767707242	ENCODE Processing Pipeline	e1c0b9235496725a55edcb4e635dd68b		https://www.encodeproject.org/files/ENCFF423PGW/@@download/ENCFF423PGW.bigWig	GRCh38				released		high lambda C methylation ratio	incorrect file bucket	insufficient read length	extremely low coverage
ENCFF969PDB	bigWig	signal	ENCSR482VHG	whole-genome shotgun bisulfite sequencing	EFO:0003042	H1-hESC	cell line	Homo sapiens											DNA		see document			False	2013-07-31	Roadmap				1							ENCFF246HVP, ENCFF605YXD, ENCFF617CLA	383444894	ENCODE Processing Pipeline	86cb1ec3fe482ea4c2c6e99ab1b360bd		https://www.encodeproject.org/files/ENCFF969PDB/@@download/ENCFF969PDB.bigWig	GRCh38				released		high lambda C methylation ratio	incorrect file bucket	insufficient read length	extremely low coverage
ENCFF931OQL	bigWig	signal	ENCSR601MHU	whole-genome shotgun bisulfite sequencing	UBERON:0002046	thyroid gland	tissue	Homo sapiens											DNA					False	2017-12-13	ENCODE				1							ENCFF161MAN, ENCFF975CHZ	5673035659	ENCODE Processing Pipeline	e15bc7f3e54b86ca3bcfb0bdca66386f		https://www.encodeproject.org/files/ENCFF931OQL/@@download/ENCFF931OQL.bigWig	GRCh38				released			experiment not submitted to GEO, incorrect file bucket		
ENCFF363UDK	bigWig	signal	ENCSR417YFD	whole-genome shotgun bisulfite sequencing	UBERON:0000992	ovary	tissue	Homo sapiens											DNA		QIAGEN DNeasy Blood & Tissue Kit			False	2013-07-31	Roadmap				1							ENCFF246HVP, ENCFF294ZJM, ENCFF980COG	8282332615	ENCODE Processing Pipeline	7ace7771e7e561c32bff34cd1cbad88d		https://www.encodeproject.org/files/ENCFF363UDK/@@download/ENCFF363UDK.bigWig	GRCh38				released			incorrect file bucket		
ENCFF433WIE	bigWig	signal	ENCSR888FON	whole-genome shotgun bisulfite sequencing	EFO:0001196	IMR-90	cell line	Homo sapiens											DNA		see document			False	2013-07-31	Roadmap				1							ENCFF112TXF, ENCFF161MAN	3796548401	ENCODE Processing Pipeline	1bc9f0b97409bdd3f8894d2f9ebb8dd4		https://www.encodeproject.org/files/ENCFF433WIE/@@download/ENCFF433WIE.bigWig	GRCh38				released			incorrect file bucket		
ENCFF645YMQ	bigWig	signal	ENCSR255DLP	whole-genome shotgun bisulfite sequencing	NTR:0000856	mesendoderm	in vitro differentiated cells	Homo sapiens											DNA		QIAGEN DNeasy Blood & Tissue Kit			False	2013-07-31	Roadmap				1							ENCFF246HVP, ENCFF477SSV, ENCFF562ISB	3705913006	ENCODE Processing Pipeline	455cff0511e2755ec03f4dbd18c67213		https://www.encodeproject.org/files/ENCFF645YMQ/@@download/ENCFF645YMQ.bigWig	GRCh38				released			incorrect file bucket, NTR biosample		extremely low coverage
ENCFF816OLB	bigWig	signal	ENCSR255DLP	whole-genome shotgun bisulfite sequencing	NTR:0000856	mesendoderm	in vitro differentiated cells	Homo sapiens											DNA		QIAGEN DNeasy Blood & Tissue Kit			False	2013-07-31	Roadmap				2							ENCFF061TLC, ENCFF246HVP, ENCFF783OTC	3612351071	ENCODE Processing Pipeline	14b1b33f69ab4f13cc14561b93ebc997		https://www.encodeproject.org/files/ENCFF816OLB/@@download/ENCFF816OLB.bigWig	GRCh38				released			incorrect file bucket, NTR biosample		extremely low coverage
ENCFF939VLW	bigWig	signal	ENCSR625HZA	whole-genome shotgun bisulfite sequencing	EFO:0005723	GM23248	cell line	Homo sapiens											DNA					False	2017-12-04	ENCODE				1							ENCFF161MAN, ENCFF317BCZ	7967027770	ENCODE Processing Pipeline	bc899035470866af609718bacc11e4d4		https://www.encodeproject.org/files/ENCFF939VLW/@@download/ENCFF939VLW.bigWig	GRCh38				released			experiment not submitted to GEO, incorrect file bucket		
ENCFF095CMV	bigWig	signal	ENCSR625HZA	whole-genome shotgun bisulfite sequencing	EFO:0005723	GM23248	cell line	Homo sapiens											DNA					False	2017-12-04	ENCODE				2							ENCFF161MAN, ENCFF962MLZ	7718017072	ENCODE Processing Pipeline	41260de0e4aa0894f85a3541989bd4c4		https://www.encodeproject.org/files/ENCFF095CMV/@@download/ENCFF095CMV.bigWig	GRCh38				released			experiment not submitted to GEO, incorrect file bucket		
ENCFF527HXB	bigWig	signal	ENCSR481JIW	whole-genome shotgun bisulfite sequencing	EFO:0001086	A549	cell line	Homo sapiens											DNA					False	2017-12-04	ENCODE				1							ENCFF161MAN, ENCFF304DGQ	5654875509	ENCODE Processing Pipeline	b1484e412f2861465bc0de64415366af		https://www.encodeproject.org/files/ENCFF527HXB/@@download/ENCFF527HXB.bigWig	GRCh38				released			experiment not submitted to GEO, incorrect file bucket		
ENCFF401QUB	bigWig	signal	ENCSR481JIW	whole-genome shotgun bisulfite sequencing	EFO:0001086	A549	cell line	Homo sapiens											DNA					False	2017-12-04	ENCODE				2							ENCFF161MAN, ENCFF885KWQ	5647843485	ENCODE Processing Pipeline	d7b5f33b9e52ba297fc8a2a240ed3c22		https://www.encodeproject.org/files/ENCFF401QUB/@@download/ENCFF401QUB.bigWig	GRCh38				released			experiment not submitted to GEO, incorrect file bucket		
ENCFF796NFQ	bigWig	signal	ENCSR890UQO	whole-genome shotgun bisulfite sequencing	EFO:0002784	GM12878	cell line	Homo sapiens											DNA					False	2016-02-23	ENCODE				1							ENCFF161MAN, ENCFF681ASN	5581491021	ENCODE Processing Pipeline	51fd4a896317ac403bc28a592263f9fb		https://www.encodeproject.org/files/ENCFF796NFQ/@@download/ENCFF796NFQ.bigWig	GRCh38				released			incorrect file bucket		
ENCFF812CHG	bigWig	signal	ENCSR890UQO	whole-genome shotgun bisulfite sequencing	EFO:0002784	GM12878	cell line	Homo sapiens											DNA					False	2016-02-23	ENCODE				2							ENCFF003FWN, ENCFF161MAN	7639415111	ENCODE Processing Pipeline	a9e8187d5cb5408cf59e21d55e09e8a2		https://www.encodeproject.org/files/ENCFF812CHG/@@download/ENCFF812CHG.bigWig	GRCh38				released			incorrect file bucket		
ENCFF162HBC	bigWig	signal	ENCSR550RTN	whole-genome shotgun bisulfite sequencing	EFO:0002791	HeLa-S3	cell line	Homo sapiens											DNA					False	2018-01-09	ENCODE				1							ENCFF161MAN, ENCFF845VFH	7651357190	ENCODE Processing Pipeline	5bd16246b1ec927071e9d04bd9bd7147		https://www.encodeproject.org/files/ENCFF162HBC/@@download/ENCFF162HBC.bigWig	GRCh38				released			experiment not submitted to GEO, incorrect file bucket		
ENCFF084GPX	bigWig	signal	ENCSR550RTN	whole-genome shotgun bisulfite sequencing	EFO:0002791	HeLa-S3	cell line	Homo sapiens											DNA					False	2018-01-09	ENCODE				2							ENCFF161MAN, ENCFF193RVP	5454278240	ENCODE Processing Pipeline	9e61704a00908612c32fd54378106bef		https://www.encodeproject.org/files/ENCFF084GPX/@@download/ENCFF084GPX.bigWig	GRCh38				released			experiment not submitted to GEO, incorrect file bucket		
ENCFF477JAE	bigWig	signal	ENCSR893BUA	whole-genome shotgun bisulfite sequencing	UBERON:0000947	aorta	tissue	Homo sapiens											DNA		QIAGEN DNeasy Blood & Tissue Kit			False	2013-07-31	Roadmap				1							ENCFF246HVP, ENCFF375RJP, ENCFF888GNX	5413453663	ENCODE Processing Pipeline	1ce1c86b5d1a844d991de1d2b2a54d7d		https://www.encodeproject.org/files/ENCFF477JAE/@@download/ENCFF477JAE.bigWig	GRCh38				released			incorrect file bucket		
ENCFF294WWV	bigWig	signal	ENCSR634GFF	whole-genome shotgun bisulfite sequencing	UBERON:0001043	esophagus	tissue	Homo sapiens											DNA		QIAGEN DNeasy Blood & Tissue Kit			False	2013-07-31	Roadmap				1							ENCFF246HVP, ENCFF247LYJ, ENCFF794BXD	5483329556	ENCODE Processing Pipeline	4afb4e014b576b86254c52a9da79c26f		https://www.encodeproject.org/files/ENCFF294WWV/@@download/ENCFF294WWV.bigWig	GRCh38				released			incorrect file bucket		
ENCFF328YEO	bigWig	signal	ENCSR305VIT	whole-genome shotgun bisulfite sequencing	UBERON:0000992	ovary	tissue	Homo sapiens											DNA					False	2017-12-04	ENCODE				1							ENCFF161MAN, ENCFF838SMZ	7776464584	ENCODE Processing Pipeline	30ad0447be484814a45be768bf116739		https://www.encodeproject.org/files/ENCFF328YEO/@@download/ENCFF328YEO.bigWig	GRCh38				released			experiment not submitted to GEO, incorrect file bucket		
ENCFF150FCJ	bigWig	signal	ENCSR224CTR	whole-genome shotgun bisulfite sequencing	UBERON:0008952	upper lobe of left lung	tissue	Homo sapiens											DNA					False	2017-12-04	ENCODE				1							ENCFF161MAN, ENCFF256KGO	5495025959	ENCODE Processing Pipeline	cb5c9a51e62fc1f8d62a5ab05fa691de		https://www.encodeproject.org/files/ENCFF150FCJ/@@download/ENCFF150FCJ.bigWig	GRCh38				released			experiment not submitted to GEO, incorrect file bucket		
ENCFF865OXJ	bigWig	signal	ENCSR750CPN	whole-genome shotgun bisulfite sequencing	UBERON:0002106	spleen	tissue	Homo sapiens											DNA					False	2018-01-22	ENCODE				1							ENCFF161MAN, ENCFF341KHF	5678397258	ENCODE Processing Pipeline	f8669e6d145056c842421e4b313b733e		https://www.encodeproject.org/files/ENCFF865OXJ/@@download/ENCFF865OXJ.bigWig	GRCh38				released			experiment not submitted to GEO, incorrect file bucket		
ENCFF688TTG	bigWig	signal	ENCSR467QPI	whole-genome shotgun bisulfite sequencing	EFO:0001196	IMR-90	cell line	Homo sapiens											DNA		see document			False	2013-07-31	Roadmap				1							ENCFF160GCY, ENCFF246HVP, ENCFF486AKR, ENCFF824KLG	929110852	ENCODE Processing Pipeline	7e267bfb9307efb9ce835efcbb71cace		https://www.encodeproject.org/files/ENCFF688TTG/@@download/ENCFF688TTG.bigWig	GRCh38				released			incorrect file bucket	insufficient read length	extremely low coverage
ENCFF095FQR	bigWig	signal	ENCSR467QPI	whole-genome shotgun bisulfite sequencing	EFO:0001196	IMR-90	cell line	Homo sapiens											DNA		see document			False	2013-07-31	Roadmap				2							ENCFF246HVP, ENCFF448IJC, ENCFF674AAC, ENCFF975BDN	966924351	ENCODE Processing Pipeline	50b0c71914c2ff6488bc34ea000cf826		https://www.encodeproject.org/files/ENCFF095FQR/@@download/ENCFF095FQR.bigWig	GRCh38				released			incorrect file bucket	insufficient read length	extremely low coverage
ENCFF283PRJ	bigWig	signal	ENCSR354DMU	whole-genome shotgun bisulfite sequencing	EFO:0007089	HUES64	cell line	Homo sapiens											DNA					False	2013-07-31	Roadmap				1							ENCFF161MAN, ENCFF361JBN	4792653764	ENCODE Processing Pipeline	e37c65718b4c4baa931e29a18ba6d2c8		https://www.encodeproject.org/files/ENCFF283PRJ/@@download/ENCFF283PRJ.bigWig	GRCh38				released		high lambda C methylation ratio	incorrect file bucket	insufficient coverage	
ENCFF261CYG	bigWig	signal	ENCSR354DMU	whole-genome shotgun bisulfite sequencing	EFO:0007089	HUES64	cell line	Homo sapiens											DNA					False	2013-07-31	Roadmap				2							ENCFF161MAN, ENCFF938NXT	4088635764	ENCODE Processing Pipeline	7cf92c195d55ac095d56acd529f910b4		https://www.encodeproject.org/files/ENCFF261CYG/@@download/ENCFF261CYG.bigWig	GRCh38				released		high lambda C methylation ratio	incorrect file bucket	insufficient coverage	
ENCFF780UYT	bigWig	signal	ENCSR334LSM	whole-genome shotgun bisulfite sequencing	CL:0000623	natural killer cell	primary cell	Homo sapiens											DNA		see document			False	2013-07-31	Roadmap				1							ENCFF161MAN, ENCFF552STF	4201216410	ENCODE Processing Pipeline	482623b355f8d04418418b064ba0abb0		https://www.encodeproject.org/files/ENCFF780UYT/@@download/ENCFF780UYT.bigWig	GRCh38				released			incorrect file bucket		
ENCFF267XIO	bigWig	signal	ENCSR674VXR	whole-genome shotgun bisulfite sequencing	UBERON:0008952	upper lobe of left lung	tissue	Homo sapiens											DNA					False	2018-01-09	ENCODE				1							ENCFF071PJF, ENCFF161MAN	5563492870	ENCODE Processing Pipeline	4f2b8af881131d183bae190a848600b5		https://www.encodeproject.org/files/ENCFF267XIO/@@download/ENCFF267XIO.bigWig	GRCh38				released			experiment not submitted to GEO, incorrect file bucket		
ENCFF700AQS	bigWig	signal	ENCSR675POY	whole-genome shotgun bisulfite sequencing	UBERON:0002369	adrenal gland	tissue	Homo sapiens											DNA		QIAGEN DNeasy Blood & Tissue Kit			False	2013-07-31	Roadmap				1							ENCFF246HVP, ENCFF675PWE, ENCFF703MUJ	5546346017	ENCODE Processing Pipeline	5cecb5091cb21ce3d4136aa2e9de715c		https://www.encodeproject.org/files/ENCFF700AQS/@@download/ENCFF700AQS.bigWig	GRCh38				released			incorrect file bucket		
ENCFF360EGM	bigWig	signal	ENCSR608JPV	whole-genome shotgun bisulfite sequencing	UBERON:0001013	adipose tissue	tissue	Homo sapiens											DNA		QIAGEN DNeasy Blood & Tissue Kit			False	2013-07-31	Roadmap				1							ENCFF246HVP, ENCFF501PAS, ENCFF502RJT	5474146536	ENCODE Processing Pipeline	614055699af44e5fe418778643873ee4		https://www.encodeproject.org/files/ENCFF360EGM/@@download/ENCFF360EGM.bigWig	GRCh38				released			incorrect file bucket		
ENCFF692ZLO	bigWig	signal	ENCSR930WUY	whole-genome shotgun bisulfite sequencing	UBERON:0004264	lower leg skin	tissue	Homo sapiens											DNA					False	2018-01-22	ENCODE				1							ENCFF161MAN, ENCFF431VXU	5664642046	ENCODE Processing Pipeline	ca53a6817ce67574eddb22279ea3f920		https://www.encodeproject.org/files/ENCFF692ZLO/@@download/ENCFF692ZLO.bigWig	GRCh38				released			experiment not submitted to GEO, incorrect file bucket		
ENCFF008CKL	bigWig	signal	ENCSR128RMY	whole-genome shotgun bisulfite sequencing	UBERON:0004264	lower leg skin	tissue	Homo sapiens											DNA					False	2018-01-22	ENCODE				1							ENCFF161MAN, ENCFF307ZEE	7744812078	ENCODE Processing Pipeline	5f09392962f7969e3e0379cb332994a1		https://www.encodeproject.org/files/ENCFF008CKL/@@download/ENCFF008CKL.bigWig	GRCh38				released			experiment not submitted to GEO, incorrect file bucket		
ENCFF622KZK	bigWig	signal	ENCSR996BJT	whole-genome shotgun bisulfite sequencing	UBERON:0001150	body of pancreas	tissue	Homo sapiens											DNA					False	2017-12-04	ENCODE				1							ENCFF161MAN, ENCFF296WTY	5412945807	ENCODE Processing Pipeline	00d92ddc695dbdb93bca97fbc92b0323		https://www.encodeproject.org/files/ENCFF622KZK/@@download/ENCFF622KZK.bigWig	GRCh38				released			experiment not submitted to GEO, incorrect file bucket		
ENCFF746ZTE	bigWig	signal	ENCSR357BWB	whole-genome shotgun bisulfite sequencing	UBERON:0002108	small intestine	tissue	Homo sapiens											DNA		QIAGEN DNeasy Blood & Tissue Kit			False	2013-07-31	Roadmap				1							ENCFF246HVP, ENCFF675AAS, ENCFF969EWC	5330534131	ENCODE Processing Pipeline	4fe2a628cc2810c92fad0ba64bae163e		https://www.encodeproject.org/files/ENCFF746ZTE/@@download/ENCFF746ZTE.bigWig	GRCh38				released			incorrect file bucket		
ENCFF992IXV	bigWig	signal	ENCSR022QUM	whole-genome shotgun bisulfite sequencing	UBERON:0002369	adrenal gland	tissue	Homo sapiens											DNA		QIAGEN DNeasy Blood & Tissue Kit			False	2013-07-31	Roadmap				1							ENCFF246HVP, ENCFF538VBI, ENCFF576YUB, ENCFF931UCU	8219894254	ENCODE Processing Pipeline	d89be9e5901d2467315b94f67abdeb64		https://www.encodeproject.org/files/ENCFF992IXV/@@download/ENCFF992IXV.bigWig	GRCh38				released			incorrect file bucket		
ENCFF324PAY	bigWig	signal	ENCSR344YUA	whole-genome shotgun bisulfite sequencing	UBERON:0001150	body of pancreas	tissue	Homo sapiens											DNA					False	2017-12-04	ENCODE				1							ENCFF027NZV, ENCFF161MAN	5493772021	ENCODE Processing Pipeline	397dc4d6c75a5fda5307210a190b57d4		https://www.encodeproject.org/files/ENCFF324PAY/@@download/ENCFF324PAY.bigWig	GRCh38				released			experiment not submitted to GEO, incorrect file bucket		
ENCFF033AVL	bigWig	signal	ENCSR403DTW	whole-genome shotgun bisulfite sequencing	UBERON:0002046	thyroid gland	tissue	Homo sapiens											DNA					False	2017-12-04	ENCODE				1							ENCFF161MAN, ENCFF360RJH	7783367906	ENCODE Processing Pipeline	38baf53232b62aea5fa8012e10dfc835		https://www.encodeproject.org/files/ENCFF033AVL/@@download/ENCFF033AVL.bigWig	GRCh38				released			experiment not submitted to GEO, incorrect file bucket		
ENCFF423DUD	bigWig	signal	ENCSR042LOG	whole-genome shotgun bisulfite sequencing	UBERON:0002369	adrenal gland	tissue	Homo sapiens											DNA					False	2017-12-04	ENCODE				1							ENCFF017VCY, ENCFF161MAN	5594784054	ENCODE Processing Pipeline	3337b54c31f665085548a134c0fd7da0		https://www.encodeproject.org/files/ENCFF423DUD/@@download/ENCFF423DUD.bigWig	GRCh38				released			experiment not submitted to GEO, incorrect file bucket		
ENCFF862OAU	bigWig	signal	ENCSR744UGB	whole-genome shotgun bisulfite sequencing	EFO:0003045	H9	cell line	Homo sapiens											DNA		QIAGEN DNeasy Blood & Tissue Kit			False	2013-07-31	Roadmap				1							ENCFF246HVP, ENCFF528PEM	3021971006	ENCODE Processing Pipeline	32bf5a05cbd7f2e4913cd8817d6b33d6		https://www.encodeproject.org/files/ENCFF862OAU/@@download/ENCFF862OAU.bigWig	GRCh38				released		high lambda C methylation ratio	incorrect file bucket	insufficient read length	extremely low coverage
ENCFF172RYY	bigWig	signal	ENCSR744UGB	whole-genome shotgun bisulfite sequencing	EFO:0003045	H9	cell line	Homo sapiens											DNA		QIAGEN DNeasy Blood & Tissue Kit			False	2013-07-31	Roadmap				2							ENCFF246HVP, ENCFF980VWO	2795248265	ENCODE Processing Pipeline	10f871093ab03d779caf76ff5cdcd408		https://www.encodeproject.org/files/ENCFF172RYY/@@download/ENCFF172RYY.bigWig	GRCh38				released		high lambda C methylation ratio	incorrect file bucket	insufficient read length	extremely low coverage
ENCFF873FWB	bigWig	signal	ENCSR561YHA	whole-genome shotgun bisulfite sequencing	EFO:0007096	iPS DF 19.11	cell line	Homo sapiens											DNA		QIAGEN DNeasy Blood & Tissue Kit			False	2013-07-31	Roadmap				1							ENCFF246HVP, ENCFF791SZY, ENCFF960RFU	3698656888	ENCODE Processing Pipeline	5dceaa84f850114aefb3cfcc116156e0		https://www.encodeproject.org/files/ENCFF873FWB/@@download/ENCFF873FWB.bigWig	GRCh38				released			incorrect file bucket	insufficient read length	extremely low coverage
ENCFF273LGV	bigWig	signal	ENCSR561YHA	whole-genome shotgun bisulfite sequencing	EFO:0007096	iPS DF 19.11	cell line	Homo sapiens											DNA		QIAGEN DNeasy Blood & Tissue Kit			False	2013-07-31	Roadmap				2							ENCFF246HVP, ENCFF609RBO, ENCFF655LSC	2462832515	ENCODE Processing Pipeline	a2cbef5eb95e69ac3cd571cd595819de		https://www.encodeproject.org/files/ENCFF273LGV/@@download/ENCFF273LGV.bigWig	GRCh38				released			incorrect file bucket	insufficient read length	extremely low coverage
ENCFF968RMN	bigWig	signal	ENCSR517TCG	whole-genome shotgun bisulfite sequencing	UBERON:0001013	adipose tissue	tissue	Homo sapiens											DNA		QIAGEN DNeasy Blood & Tissue Kit			False	2013-07-31	Roadmap				1							ENCFF069MOF, ENCFF246HVP, ENCFF420PTH	5468233329	ENCODE Processing Pipeline	afba596111a7fad8d704cc939736b152		https://www.encodeproject.org/files/ENCFF968RMN/@@download/ENCFF968RMN.bigWig	GRCh38				released			incorrect file bucket		
ENCFF945PUR	bigWig	signal	ENCSR331PWE	whole-genome shotgun bisulfite sequencing	UBERON:0001159	sigmoid colon	tissue	Homo sapiens											DNA		QIAGEN DNeasy Blood & Tissue Kit			False	2013-07-31	Roadmap				1							ENCFF246HVP, ENCFF570HVV, ENCFF930VIL	8276507217	ENCODE Processing Pipeline	6774d7dc32e2b1e80cf6feb21fcbda5d		https://www.encodeproject.org/files/ENCFF945PUR/@@download/ENCFF945PUR.bigWig	GRCh38				released			incorrect file bucket		
ENCFF939DFV	bigWig	signal	ENCSR781LIC	whole-genome shotgun bisulfite sequencing	UBERON:0001264	pancreas	tissue	Homo sapiens											DNA		QIAGEN DNeasy Blood & Tissue Kit			False	2013-07-31	Roadmap				1							ENCFF129FXM, ENCFF246HVP, ENCFF860VOZ	8441469514	ENCODE Processing Pipeline	cd60e6b377e7e7f3ecf0265daa11c23a		https://www.encodeproject.org/files/ENCFF939DFV/@@download/ENCFF939DFV.bigWig	GRCh38				released			incorrect file bucket		
ENCFF974NRU	bigWig	signal	ENCSR681FHD	whole-genome shotgun bisulfite sequencing	UBERON:0002369	adrenal gland	tissue	Homo sapiens											DNA		see document			False	2013-07-31	Roadmap				1							ENCFF161MAN, ENCFF285ZGH	4000069294	ENCODE Processing Pipeline	b49356284f94280ab365aed4cff29d46		https://www.encodeproject.org/files/ENCFF974NRU/@@download/ENCFF974NRU.bigWig	GRCh38				released			incorrect file bucket		
ENCFF107RMQ	bigWig	signal	ENCSR699ETV	whole-genome shotgun bisulfite sequencing	UBERON:0000948	heart	tissue	Homo sapiens											DNA		see document			False	2013-07-31	Roadmap				1							ENCFF161MAN, ENCFF759MZT	4848759014	ENCODE Processing Pipeline	59368f38987f2ba19746bb8e82468bf7		https://www.encodeproject.org/files/ENCFF107RMQ/@@download/ENCFF107RMQ.bigWig	GRCh38				released			incorrect file bucket		
ENCFF307QSV	bigWig	signal	ENCSR012TGL	whole-genome shotgun bisulfite sequencing	UBERON:0002084	heart left ventricle	tissue	Homo sapiens											DNA		QIAGEN DNeasy Blood & Tissue Kit			False	2013-07-31	Roadmap				1							ENCFF246HVP, ENCFF382MFI, ENCFF501IFY, ENCFF984GJM	8475434753	ENCODE Processing Pipeline	beeb6814623e3f16c2eba12592413e91		https://www.encodeproject.org/files/ENCFF307QSV/@@download/ENCFF307QSV.bigWig	GRCh38				released			incorrect file bucket		
ENCFF992CLD	bigWig	signal	ENCSR848CUY	whole-genome shotgun bisulfite sequencing	UBERON:0000945	stomach	tissue	Homo sapiens											DNA		QIAGEN DNeasy Blood & Tissue Kit			False	2013-07-31	Roadmap				1							ENCFF146FBV, ENCFF246HVP, ENCFF689NEU	5536757139	ENCODE Processing Pipeline	5da97c1b38546ade69f3521537248af0		https://www.encodeproject.org/files/ENCFF992CLD/@@download/ENCFF992CLD.bigWig	GRCh38				released			incorrect file bucket		
ENCFF574CIC	bigWig	signal	ENCSR442IUA	whole-genome shotgun bisulfite sequencing	UBERON:0002080	heart right ventricle	tissue	Homo sapiens											DNA		QIAGEN DNeasy Blood & Tissue Kit			False	2013-07-31	Roadmap				1							ENCFF151RSB, ENCFF246HVP, ENCFF732MWA	5602976353	ENCODE Processing Pipeline	ad99542c50818359db94756e159747df		https://www.encodeproject.org/files/ENCFF574CIC/@@download/ENCFF574CIC.bigWig	GRCh38				released			incorrect file bucket		
ENCFF252YGC	bigWig	signal	ENCSR451ZUG	whole-genome shotgun bisulfite sequencing	UBERON:0001383	muscle of leg	tissue	Homo sapiens											DNA		see document			False	2013-07-31	Roadmap				1							ENCFF161MAN, ENCFF316GOO	3951990741	ENCODE Processing Pipeline	768fd7aa89407023b988cecd547119bf		https://www.encodeproject.org/files/ENCFF252YGC/@@download/ENCFF252YGC.bigWig	GRCh38				released			incorrect file bucket		
ENCFF538IWH	bigWig	signal	ENCSR076OHG	whole-genome shotgun bisulfite sequencing	CL:0000192	smooth muscle cell	in vitro differentiated cells	Homo sapiens											DNA					False	2018-01-09	ENCODE				1							ENCFF161MAN, ENCFF509USY	7791528973	ENCODE Processing Pipeline	f775bb5cb8e779fdae4a2ca40a88caf7		https://www.encodeproject.org/files/ENCFF538IWH/@@download/ENCFF538IWH.bigWig	GRCh38				released			experiment not submitted to GEO, incorrect file bucket		
ENCFF023MDK	bigWig	signal	ENCSR076OHG	whole-genome shotgun bisulfite sequencing	CL:0000192	smooth muscle cell	in vitro differentiated cells	Homo sapiens											DNA					False	2018-01-09	ENCODE				2							ENCFF161MAN, ENCFF711WDD	5652305304	ENCODE Processing Pipeline	f50c3efb725a5aedf99e33efa76a2a87		https://www.encodeproject.org/files/ENCFF023MDK/@@download/ENCFF023MDK.bigWig	GRCh38				released			experiment not submitted to GEO, incorrect file bucket		
ENCFF846IMY	bigWig	signal	ENCSR129YRJ	whole-genome shotgun bisulfite sequencing	UBERON:0000945	stomach	tissue	Homo sapiens											DNA		see document			False	2013-07-31	Roadmap				1							ENCFF161MAN, ENCFF969XDH	4598917452	ENCODE Processing Pipeline	7c49e7be466faf788d02ca8471999668		https://www.encodeproject.org/files/ENCFF846IMY/@@download/ENCFF846IMY.bigWig	GRCh38				released			incorrect file bucket		
ENCFF102XWL	bigWig	signal	ENCSR592UML	whole-genome shotgun bisulfite sequencing	CL:0000222	mesodermal cell	in vitro differentiated cells	Homo sapiens											DNA		see document			False	2013-07-31	Roadmap				1							ENCFF161MAN, ENCFF444DIV	4612425245	ENCODE Processing Pipeline	ff969f1934235f4aec9d06c1a06c3ee1		https://www.encodeproject.org/files/ENCFF102XWL/@@download/ENCFF102XWL.bigWig	GRCh38				released			incorrect file bucket		
ENCFF839OJR	bigWig	signal	ENCSR663MXB	whole-genome shotgun bisulfite sequencing	CL:0000084	T-cell	primary cell	Homo sapiens											DNA		see document			False	2013-07-31	Roadmap				1							ENCFF161MAN, ENCFF845DYE	4430767794	ENCODE Processing Pipeline	94f139893cbed4d2b176a24f12070628		https://www.encodeproject.org/files/ENCFF839OJR/@@download/ENCFF839OJR.bigWig	GRCh38				released			incorrect file bucket		
ENCFF615HLJ	bigWig	signal	ENCSR739XWV	whole-genome shotgun bisulfite sequencing	UBERON:0001987	placenta	tissue	Homo sapiens											DNA		see document			False	2013-07-31	Roadmap				1							ENCFF161MAN, ENCFF239DTC	4528960989	ENCODE Processing Pipeline	9a733b3adc3b12e7186cf09888c89144		https://www.encodeproject.org/files/ENCFF615HLJ/@@download/ENCFF615HLJ.bigWig	GRCh38				released			incorrect file bucket		
ENCFF932VUM	bigWig	signal	ENCSR462KQY	whole-genome shotgun bisulfite sequencing	UBERON:0000059	large intestine	tissue	Homo sapiens											DNA		see document			False	2013-07-31	Roadmap				1							ENCFF094JOX, ENCFF161MAN	5563254779	ENCODE Processing Pipeline	770c31fe3cc81fe4acc83c24c1234363		https://www.encodeproject.org/files/ENCFF932VUM/@@download/ENCFF932VUM.bigWig	GRCh38				released			incorrect file bucket		
ENCFF872YSC	bigWig	signal	ENCSR765JPC	whole-genome shotgun bisulfite sequencing	EFO:0002067	K562	cell line	Homo sapiens											DNA					False	2016-03-22	ENCODE				1							ENCFF161MAN, ENCFF557TER	5545429520	ENCODE Processing Pipeline	28f216b836a47a53ed21998a5c5f642d		https://www.encodeproject.org/files/ENCFF872YSC/@@download/ENCFF872YSC.bigWig	GRCh38				released		low coverage	incorrect file bucket		
ENCFF669KCI	bigWig	signal	ENCSR765JPC	whole-genome shotgun bisulfite sequencing	EFO:0002067	K562	cell line	Homo sapiens											DNA					False	2016-03-22	ENCODE				2							ENCFF161MAN, ENCFF963XLT	5448095177	ENCODE Processing Pipeline	77c8ac319db98cd161bcc4420552352a		https://www.encodeproject.org/files/ENCFF669KCI/@@download/ENCFF669KCI.bigWig	GRCh38				released		low coverage	incorrect file bucket		
ENCFF191PQY	bigWig	signal	ENCSR079MPL	whole-genome shotgun bisulfite sequencing	CL:0000221	ectodermal cell	in vitro differentiated cells	Homo sapiens											DNA		see document			False	2013-07-31	Roadmap				1							ENCFF041EYC, ENCFF161MAN	4631558003	ENCODE Processing Pipeline	b4f41c29ec026144486f668db7683704		https://www.encodeproject.org/files/ENCFF191PQY/@@download/ENCFF191PQY.bigWig	GRCh38				released			incorrect file bucket		
ENCFF073DUG	bigWig	signal	ENCSR881XOU	whole-genome shotgun bisulfite sequencing	EFO:0001187	HepG2	cell line	Homo sapiens											DNA					False	2015-10-13	ENCODE				1							ENCFF161MAN, ENCFF957OIM	7559557653	ENCODE Processing Pipeline	35da84f4705972511fab8529f4804027		https://www.encodeproject.org/files/ENCFF073DUG/@@download/ENCFF073DUG.bigWig	GRCh38				released			incorrect file bucket		
ENCFF716NKX	bigWig	signal	ENCSR881XOU	whole-genome shotgun bisulfite sequencing	EFO:0001187	HepG2	cell line	Homo sapiens											DNA					False	2015-10-13	ENCODE				2							ENCFF161MAN, ENCFF572KNK	5258346953	ENCODE Processing Pipeline	987cafd4c93253d0f006dc3d29888ee4		https://www.encodeproject.org/files/ENCFF716NKX/@@download/ENCFF716NKX.bigWig	GRCh38				released			incorrect file bucket		
ENCFF901NEE	bigWig	signal	ENCSR200KWM	whole-genome shotgun bisulfite sequencing	CL:0000222	mesodermal cell	in vitro differentiated cells	Homo sapiens											DNA		see document			False	2013-07-31	Roadmap				1							ENCFF161MAN, ENCFF920LTE	4691269985	ENCODE Processing Pipeline	fa0ad4ccd4d1fe912b65d3760727318e		https://www.encodeproject.org/files/ENCFF901NEE/@@download/ENCFF901NEE.bigWig	GRCh38				released			incorrect file bucket		
ENCFF800VLD	bigWig	signal	ENCSR128BHP	whole-genome shotgun bisulfite sequencing	CL:0000223	endodermal cell	in vitro differentiated cells	Homo sapiens											DNA		see document			False	2013-07-31	Roadmap				1							ENCFF161MAN, ENCFF340UKL	5034559295	ENCODE Processing Pipeline	c068939638e67273cc91dae7fc7e7547		https://www.encodeproject.org/files/ENCFF800VLD/@@download/ENCFF800VLD.bigWig	GRCh38				released			incorrect file bucket	insufficient read length	
ENCFF524MTO	bigWig	signal	ENCSR741FVM	whole-genome shotgun bisulfite sequencing	UBERON:0002369	adrenal gland	tissue	Homo sapiens											DNA					False	2017-12-04	ENCODE				1							ENCFF026EHN, ENCFF161MAN	5429060240	ENCODE Processing Pipeline	46eb67277fb91ecfc758a89c4ded2e49		https://www.encodeproject.org/files/ENCFF524MTO/@@download/ENCFF524MTO.bigWig	GRCh38				released			experiment not submitted to GEO, incorrect file bucket		
ENCFF668GWR	bigWig	signal	ENCSR017BUL	whole-genome shotgun bisulfite sequencing	CL:0001054	CD14-positive monocyte	primary cell	Homo sapiens											DNA		see document			False	2013-07-31	Roadmap				1							ENCFF161MAN, ENCFF251WWP	4344072614	ENCODE Processing Pipeline	a9ce005cc9242685c069b6c190aacde5		https://www.encodeproject.org/files/ENCFF668GWR/@@download/ENCFF668GWR.bigWig	GRCh38				released			incorrect file bucket		
ENCFF108OVY	bigWig	signal	ENCSR405XVT	whole-genome shotgun bisulfite sequencing	UBERON:0001264	pancreas	tissue	Homo sapiens											DNA		QIAGEN DNeasy Blood & Tissue Kit			False	2013-07-31	Roadmap				1							ENCFF027YKJ, ENCFF246HVP, ENCFF566ITI	5453428648	ENCODE Processing Pipeline	0ea7bd20174c3501f3aee05194198a76		https://www.encodeproject.org/files/ENCFF108OVY/@@download/ENCFF108OVY.bigWig	GRCh38				released			incorrect file bucket		
ENCFF402PAI	bigWig	signal	ENCSR626YZN	whole-genome shotgun bisulfite sequencing	UBERON:0002080	heart right ventricle	tissue	Homo sapiens											DNA		QIAGEN DNeasy Blood & Tissue Kit			False	2013-07-31	Roadmap				1							ENCFF055IQZ, ENCFF246HVP, ENCFF338XGV, ENCFF663LBM, ENCFF805HPH	8338614391	ENCODE Processing Pipeline	0536516cc253f82c29c6d153f736c406		https://www.encodeproject.org/files/ENCFF402PAI/@@download/ENCFF402PAI.bigWig	GRCh38				released		inconsistent platforms	incorrect file bucket		
ENCFF804ITM	bigWig	signal	ENCSR925GVY	whole-genome shotgun bisulfite sequencing	UBERON:0002078	right cardiac atrium	tissue	Homo sapiens											DNA		QIAGEN DNeasy Blood & Tissue Kit			False	2013-07-31	Roadmap				1							ENCFF012ERG, ENCFF246HVP, ENCFF724EVE, ENCFF735DJH	8312621107	ENCODE Processing Pipeline	2ffaa13185936c22580ea903391c7f80		https://www.encodeproject.org/files/ENCFF804ITM/@@download/ENCFF804ITM.bigWig	GRCh38				released			incorrect file bucket		
ENCFF843JJR	bigWig	signal	ENCSR540ONK	whole-genome shotgun bisulfite sequencing	CL:0000047	neural stem progenitor cell	in vitro differentiated cells	Homo sapiens											DNA		QIAGEN DNeasy Blood & Tissue Kit			False	2013-07-31	Roadmap				2							ENCFF246HVP, ENCFF543UCN, ENCFF902VLE	3500277105	ENCODE Processing Pipeline	d719abe1801a68232abca82459c8c51c		https://www.encodeproject.org/files/ENCFF843JJR/@@download/ENCFF843JJR.bigWig	GRCh38				released			incorrect file bucket	insufficient read length	extremely low coverage
ENCFF458SQS	bigWig	signal	ENCSR540ONK	whole-genome shotgun bisulfite sequencing	CL:0000047	neural stem progenitor cell	in vitro differentiated cells	Homo sapiens											DNA		QIAGEN DNeasy Blood & Tissue Kit			False	2013-07-31	Roadmap				1							ENCFF246HVP, ENCFF425RPU, ENCFF665GTS, ENCFF763CBN	2885966575	ENCODE Processing Pipeline	2928747366cebff6e14db933af6d5d39		https://www.encodeproject.org/files/ENCFF458SQS/@@download/ENCFF458SQS.bigWig	GRCh38				released			incorrect file bucket	insufficient read length	extremely low coverage
ENCFF537NCQ	bigWig	signal	ENCSR522UKJ	whole-genome shotgun bisulfite sequencing	UBERON:0002108	small intestine	tissue	Homo sapiens											DNA		see document			False	2013-07-31	Roadmap				1							ENCFF161MAN, ENCFF663LSZ	5127680363	ENCODE Processing Pipeline	c09c54d6a165cdc46196e3e8eef07b33		https://www.encodeproject.org/files/ENCFF537NCQ/@@download/ENCFF537NCQ.bigWig	GRCh38				released			incorrect file bucket		
ENCFF025PVV	bigWig	signal	ENCSR265ZHH	whole-genome shotgun bisulfite sequencing	UBERON:0002108	small intestine	tissue	Homo sapiens											DNA		QIAGEN DNeasy Blood & Tissue Kit			False	2013-07-31	Roadmap				1							ENCFF246HVP, ENCFF520PHX, ENCFF848HWO, ENCFF995SGT	8422210784	ENCODE Processing Pipeline	5016d407b3c8e4d18f90910545820640		https://www.encodeproject.org/files/ENCFF025PVV/@@download/ENCFF025PVV.bigWig	GRCh38				released			incorrect file bucket		
ENCFF764SSM	bigWig	signal	ENCSR658MZU	whole-genome shotgun bisulfite sequencing	UBERON:0001323	tibial nerve	tissue	Homo sapiens											DNA					False	2018-01-22	ENCODE				1							ENCFF161MAN, ENCFF480VWO	5622984028	ENCODE Processing Pipeline	56d908e9fb3c6d578c85eae4c9847887		https://www.encodeproject.org/files/ENCFF764SSM/@@download/ENCFF764SSM.bigWig	GRCh38				released			experiment not submitted to GEO, incorrect file bucket		
ENCFF113RLV	bigWig	signal	ENCSR752OCM	whole-genome shotgun bisulfite sequencing	UBERON:0001323	tibial nerve	tissue	Homo sapiens											DNA					False	2018-01-18	ENCODE				1							ENCFF107WIQ, ENCFF161MAN	7793856025	ENCODE Processing Pipeline	29ef295ec80eac9d602e00d7247f36ac		https://www.encodeproject.org/files/ENCFF113RLV/@@download/ENCFF113RLV.bigWig	GRCh38				released			experiment not submitted to GEO, incorrect file bucket		
ENCFF785TFN	bigWig	signal	ENCSR141JKC	whole-genome shotgun bisulfite sequencing	UBERON:0008450	psoas muscle	tissue	Homo sapiens											DNA		QIAGEN DNeasy Blood & Tissue Kit			False	2013-07-31	Roadmap				1							ENCFF246HVP, ENCFF308URY, ENCFF812REK	5502850654	ENCODE Processing Pipeline	b7fcdea88cf460d0f3a4e0f559758523		https://www.encodeproject.org/files/ENCFF785TFN/@@download/ENCFF785TFN.bigWig	GRCh38				released			incorrect file bucket		
ENCFF249IVT	bigWig	signal	ENCSR556KEJ	whole-genome shotgun bisulfite sequencing	UBERON:0002048	lung	tissue	Homo sapiens											DNA		QIAGEN DNeasy Blood & Tissue Kit			False	2013-07-31	Roadmap				1							ENCFF036ODG, ENCFF246HVP, ENCFF780CEC	8297461461	ENCODE Processing Pipeline	631c8c611c24f5241aceb958eee5987f		https://www.encodeproject.org/files/ENCFF249IVT/@@download/ENCFF249IVT.bigWig	GRCh38				released			incorrect file bucket		
ENCFF635TQS	bigWig	signal	ENCSR598OBF	whole-genome shotgun bisulfite sequencing	UBERON:0000945	stomach	tissue	Homo sapiens											DNA					False	2018-01-22	ENCODE				1							ENCFF161MAN, ENCFF422NYP	5569671398	ENCODE Processing Pipeline	acd88a5bd992cd6025a2d79e96dca749		https://www.encodeproject.org/files/ENCFF635TQS/@@download/ENCFF635TQS.bigWig	GRCh38				released			experiment not submitted to GEO, incorrect file bucket		
ENCFF039FRP	bigWig	signal	ENCSR862LLM	whole-genome shotgun bisulfite sequencing	UBERON:0002106	spleen	tissue	Homo sapiens											DNA		QIAGEN DNeasy Blood & Tissue Kit			False	2013-07-31	Roadmap				1							ENCFF035IUM, ENCFF246HVP, ENCFF342EMY	5550035875	ENCODE Processing Pipeline	67283509fc976388d5aba0eb3c5f480a		https://www.encodeproject.org/files/ENCFF039FRP/@@download/ENCFF039FRP.bigWig	GRCh38				released			incorrect file bucket		
ENCFF565BUS	bigWig	signal	ENCSR388RMS	whole-genome shotgun bisulfite sequencing	CL:0001059	common myeloid progenitor, CD34-positive	primary cell	Homo sapiens											DNA		see document			False	2013-07-31	Roadmap				1							ENCFF037WIJ, ENCFF161MAN	4945039735	ENCODE Processing Pipeline	7fe2d1baf8c539c8720a113d08cac705		https://www.encodeproject.org/files/ENCFF565BUS/@@download/ENCFF565BUS.bigWig	GRCh38				released			incorrect file bucket		
ENCFF964QGH	bigWig	signal	ENCSR959RNH	whole-genome shotgun bisulfite sequencing	CL:0000192	smooth muscle cell	in vitro differentiated cells	Homo sapiens											DNA					False	2016-03-22	ENCODE				2							ENCFF161MAN, ENCFF806IBJ	8186349140	ENCODE Processing Pipeline	ca0a522f16fae6b7f37be457873a1f2c		https://www.encodeproject.org/files/ENCFF964QGH/@@download/ENCFF964QGH.bigWig	GRCh38				released			experiment not submitted to GEO, incorrect file bucket		
ENCFF560KKH	bigWig	signal	ENCSR959RNH	whole-genome shotgun bisulfite sequencing	CL:0000192	smooth muscle cell	in vitro differentiated cells	Homo sapiens											DNA					False	2016-03-22	ENCODE				1							ENCFF161MAN, ENCFF831EBH	8208150858	ENCODE Processing Pipeline	73219cb1e627e4d2cb963c3bb7cda32b		https://www.encodeproject.org/files/ENCFF560KKH/@@download/ENCFF560KKH.bigWig	GRCh38				released			experiment not submitted to GEO, incorrect file bucket		
ENCFF668VFA	bigWig	signal	ENCSR806NNG	whole-genome shotgun bisulfite sequencing	UBERON:0000473	testis	tissue	Homo sapiens											DNA					False	2018-01-18	ENCODE				1							ENCFF161MAN, ENCFF347YMS	7882881774	ENCODE Processing Pipeline	7ef7b7456082ebafcfcb5203babca17b		https://www.encodeproject.org/files/ENCFF668VFA/@@download/ENCFF668VFA.bigWig	GRCh38				released			experiment not submitted to GEO, incorrect file bucket		
ENCFF060CIB	bigWig	signal	ENCSR457CPG	whole-genome shotgun bisulfite sequencing	CL:0000223	endodermal cell	in vitro differentiated cells	Homo sapiens											DNA		see document			False	2013-07-31	Roadmap				1							ENCFF161MAN, ENCFF721YKT	5006518033	ENCODE Processing Pipeline	71f6f6bc5ad6d4ff22cc124014f8fa95		https://www.encodeproject.org/files/ENCFF060CIB/@@download/ENCFF060CIB.bigWig	GRCh38				released			incorrect file bucket		
ENCFF437OMV	bigWig	signal	ENCSR999CXD	whole-genome shotgun bisulfite sequencing	EFO:0006711	OCI-LY7	cell line	Homo sapiens											DNA					False	2017-12-04	ENCODE				1							ENCFF161MAN, ENCFF779ZPY	7717531705	ENCODE Processing Pipeline	cb5d1d022d8b0bb72fe5b889701a969d		https://www.encodeproject.org/files/ENCFF437OMV/@@download/ENCFF437OMV.bigWig	GRCh38				released			experiment not submitted to GEO, incorrect file bucket		
ENCFF579XNO	bigWig	signal	ENCSR999CXD	whole-genome shotgun bisulfite sequencing	EFO:0006711	OCI-LY7	cell line	Homo sapiens											DNA					False	2017-12-04	ENCODE				2							ENCFF161MAN, ENCFF439FXX	5659045947	ENCODE Processing Pipeline	c01b35a1438a08d577b1c7746a9a2fa9		https://www.encodeproject.org/files/ENCFF579XNO/@@download/ENCFF579XNO.bigWig	GRCh38				released			experiment not submitted to GEO, incorrect file bucket		
ENCFF450MGR	bigWig	signal	ENCSR317JGM	whole-genome shotgun bisulfite sequencing	UBERON:0002106	spleen	tissue	Homo sapiens											DNA		QIAGEN DNeasy Blood & Tissue Kit			False	2013-07-31	Roadmap				1							ENCFF076KAT, ENCFF246HVP, ENCFF548BFU	5491837004	ENCODE Processing Pipeline	b5f3da6a2aff6ef088ac46671904ef9d		https://www.encodeproject.org/files/ENCFF450MGR/@@download/ENCFF450MGR.bigWig	GRCh38				released			incorrect file bucket		
ENCFF050KHZ	bigWig	signal	ENCSR113KSF	whole-genome shotgun bisulfite sequencing	UBERON:0002108	small intestine	tissue	Homo sapiens											DNA		QIAGEN DNeasy Blood & Tissue Kit			False	2013-07-31	Roadmap				1							ENCFF109IEE, ENCFF231KBM, ENCFF246HVP	5350667295	ENCODE Processing Pipeline	7a2c635c64d042e2f650e83264c76a38		https://www.encodeproject.org/files/ENCFF050KHZ/@@download/ENCFF050KHZ.bigWig	GRCh38				released			incorrect file bucket		
ENCFF884KSN	bigWig	signal	ENCSR539UBP	whole-genome shotgun bisulfite sequencing	UBERON:0001013	adipose tissue	tissue	Homo sapiens											DNA		QIAGEN DNeasy Blood & Tissue Kit			False	2013-07-31	Roadmap				1							ENCFF246HVP, ENCFF272PBZ, ENCFF490FOO, ENCFF974OSM	8300641132	ENCODE Processing Pipeline	c654a9fca58d7d35a264ee4996465128		https://www.encodeproject.org/files/ENCFF884KSN/@@download/ENCFF884KSN.bigWig	GRCh38				released			incorrect file bucket		
ENCFF087KYO	bigWig	signal	ENCSR328TBS	whole-genome shotgun bisulfite sequencing	CL:0000515	skeletal muscle myoblast	primary cell	Homo sapiens											DNA					False	2016-03-22	ENCODE				1							ENCFF161MAN, ENCFF508VQJ	8711751758	ENCODE Processing Pipeline	85c75fe535c7e781e0d38505de78defe		https://www.encodeproject.org/files/ENCFF087KYO/@@download/ENCFF087KYO.bigWig	GRCh38				released			incorrect file bucket		
ENCFF283VIL	bigWig	signal	ENCSR328TBS	whole-genome shotgun bisulfite sequencing	CL:0000515	skeletal muscle myoblast	primary cell	Homo sapiens											DNA					False	2016-03-22	ENCODE				2							ENCFF161MAN, ENCFF731UMA	8147747131	ENCODE Processing Pipeline	7e66a323ec829a0cc94a02e868cd409f		https://www.encodeproject.org/files/ENCFF283VIL/@@download/ENCFF283VIL.bigWig	GRCh38				released			incorrect file bucket		
ENCFF896GOF	bigWig	signal	ENCSR267SNS	whole-genome shotgun bisulfite sequencing	UBERON:0000945	stomach	tissue	Homo sapiens											DNA					False	2018-01-18	ENCODE				1							ENCFF161MAN, ENCFF786GJA	5568076332	ENCODE Processing Pipeline	f8bf4052514f66149307f3486e3d5f03		https://www.encodeproject.org/files/ENCFF896GOF/@@download/ENCFF896GOF.bigWig	GRCh38				released			experiment not submitted to GEO, incorrect file bucket		
ENCFF988EUT	bigWig	signal	ENCSR011HZJ	whole-genome shotgun bisulfite sequencing	UBERON:0000473	testis	tissue	Homo sapiens											DNA					False	2018-01-18	ENCODE				1							ENCFF021VWF, ENCFF161MAN	5410226037	ENCODE Processing Pipeline	25c3d3f81925058b96dfc5bad21e3057		https://www.encodeproject.org/files/ENCFF988EUT/@@download/ENCFF988EUT.bigWig	GRCh38				released			experiment not submitted to GEO, incorrect file bucket		
ENCFF319CBP	bigWig	signal	ENCSR656TQD	whole-genome shotgun bisulfite sequencing	CL:0002327	mammary epithelial cell	primary cell	Homo sapiens											DNA					False	2016-06-14	ENCODE				1							ENCFF161MAN, ENCFF721VIZ	7689068997	ENCODE Processing Pipeline	e156744e4fede2f77138b0087346118d		https://www.encodeproject.org/files/ENCFF319CBP/@@download/ENCFF319CBP.bigWig	GRCh38				released			incorrect file bucket		
ENCFF246TWN	bigWig	signal	ENCSR656TQD	whole-genome shotgun bisulfite sequencing	CL:0002327	mammary epithelial cell	primary cell	Homo sapiens											DNA					False	2016-06-14	ENCODE				2							ENCFF161MAN, ENCFF818KZX	7865762073	ENCODE Processing Pipeline	402030572584d7c08e02bc0d7ff26ed0		https://www.encodeproject.org/files/ENCFF246TWN/@@download/ENCFF246TWN.bigWig	GRCh38				released			incorrect file bucket		
ENCFF413GZW	bigWig	signal	ENCSR757JTX	whole-genome shotgun bisulfite sequencing	UBERON:0002106	spleen	tissue	Homo sapiens											DNA					False	2018-01-18	ENCODE				1							ENCFF149ICT, ENCFF161MAN	5616551177	ENCODE Processing Pipeline	b43cdbfdefb15fc3cf88e6e67b07a305		https://www.encodeproject.org/files/ENCFF413GZW/@@download/ENCFF413GZW.bigWig	GRCh38				released			experiment not submitted to GEO, incorrect file bucket		
ENCFF990HTE	bigWig	signal	ENCSR797TEV	whole-genome shotgun bisulfite sequencing	UBERON:0002048	lung	tissue	Homo sapiens											DNA		QIAGEN DNeasy Blood & Tissue Kit			False	2013-07-31	Roadmap				1							ENCFF246HVP, ENCFF581MVM, ENCFF865VQL	5384558190	ENCODE Processing Pipeline	80aca2c2f6c7761050882b07621254a4		https://www.encodeproject.org/files/ENCFF990HTE/@@download/ENCFF990HTE.bigWig	GRCh38				released			incorrect file bucket		
ENCFF699KIF	bigWig	signal	ENCSR145HNT	whole-genome shotgun bisulfite sequencing	EFO:0003072	SK-N-SH	cell line	Homo sapiens											DNA					False	2017-12-13	ENCODE				1							ENCFF161MAN, ENCFF905UKH	5605294086	ENCODE Processing Pipeline	90d322f266814534f4e5e2f44fbad6e1		https://www.encodeproject.org/files/ENCFF699KIF/@@download/ENCFF699KIF.bigWig	GRCh38				released			experiment not submitted to GEO, incorrect file bucket		
ENCFF484IAC	bigWig	signal	ENCSR145HNT	whole-genome shotgun bisulfite sequencing	EFO:0003072	SK-N-SH	cell line	Homo sapiens											DNA					False	2017-12-13	ENCODE				2							ENCFF161MAN, ENCFF797HWQ	5471414397	ENCODE Processing Pipeline	c247093b42ef3285c69a5920d1de4004		https://www.encodeproject.org/files/ENCFF484IAC/@@download/ENCFF484IAC.bigWig	GRCh38				released			experiment not submitted to GEO, incorrect file bucket		
ENCFF031VBH	bigWig	signal	ENCSR551AYL	whole-genome shotgun bisulfite sequencing	CL:0000351	trophoblast cell	in vitro differentiated cells	Homo sapiens											DNA		QIAGEN DNeasy Blood & Tissue Kit			False	2013-07-31	Roadmap				2							ENCFF087DRH, ENCFF246HVP, ENCFF314DLK, ENCFF699YEO	2688047270	ENCODE Processing Pipeline	17f49c327133967e8de09da1c74d1999		https://www.encodeproject.org/files/ENCFF031VBH/@@download/ENCFF031VBH.bigWig	GRCh38				released			incorrect file bucket	insufficient read length	extremely low coverage
ENCFF210GGG	bigWig	signal	ENCSR551AYL	whole-genome shotgun bisulfite sequencing	CL:0000351	trophoblast cell	in vitro differentiated cells	Homo sapiens											DNA		QIAGEN DNeasy Blood & Tissue Kit			False	2013-07-31	Roadmap				1							ENCFF082VXQ, ENCFF183TYS, ENCFF240WPQ, ENCFF246HVP	2730662795	ENCODE Processing Pipeline	eeae6bda1bb545d6bb2afbeaa16f07a5		https://www.encodeproject.org/files/ENCFF210GGG/@@download/ENCFF210GGG.bigWig	GRCh38				released			incorrect file bucket	insufficient read length	extremely low coverage
ENCFF552DTV	bigWig	signal	ENCSR803SIO	whole-genome shotgun bisulfite sequencing	UBERON:0000992	ovary	tissue	Homo sapiens											DNA					False	2017-12-04	ENCODE				1							ENCFF161MAN, ENCFF167FEY	7848586950	ENCODE Processing Pipeline	8f48205d6c3259ab4e9c555a6fc06c0f		https://www.encodeproject.org/files/ENCFF552DTV/@@download/ENCFF552DTV.bigWig	GRCh38				released			experiment not submitted to GEO, incorrect file bucket		
ENCFF400QTE	bigWig	signal	ENCSR786DCL	whole-genome shotgun bisulfite sequencing	EFO:0001187	HepG2	cell line	Homo sapiens											DNA					False	2017-12-01	ENCODE				1							ENCFF008SVZ, ENCFF161MAN	5347946147	ENCODE Processing Pipeline	27a3469c80ff67ecbc6227fb0a6285bf		https://www.encodeproject.org/files/ENCFF400QTE/@@download/ENCFF400QTE.bigWig	GRCh38				released			experiment not submitted to GEO, incorrect file bucket		
ENCFF583VWF	bigWig	signal	ENCSR786DCL	whole-genome shotgun bisulfite sequencing	EFO:0001187	HepG2	cell line	Homo sapiens											DNA					False	2017-12-01	ENCODE				2							ENCFF161MAN, ENCFF910TUY	5536746731	ENCODE Processing Pipeline	4819a7b819f04144ef45bd9326d75c06		https://www.encodeproject.org/files/ENCFF583VWF/@@download/ENCFF583VWF.bigWig	GRCh38				released			experiment not submitted to GEO, incorrect file bucket		
ENCFF029LVQ	bigWig	signal	ENCSR914REH	whole-genome shotgun bisulfite sequencing	UBERON:0002370	thymus	tissue	Homo sapiens											DNA		QIAGEN DNeasy Blood & Tissue Kit			False	2013-07-31	Roadmap				1							ENCFF246HVP, ENCFF296OAY, ENCFF674DYK	8079559675	ENCODE Processing Pipeline	3beab7cc37cb44c38ef1d25d60bb1672		https://www.encodeproject.org/files/ENCFF029LVQ/@@download/ENCFF029LVQ.bigWig	GRCh38				released			incorrect file bucket		
ENCFF770YJW	bigWig	signal	ENCSR617FKV	whole-genome shotgun bisulfite sequencing	EFO:0003042	H1-hESC	cell line	Homo sapiens											DNA					False	2015-10-13	ENCODE				1							ENCFF161MAN, ENCFF857QML	5636593416	ENCODE Processing Pipeline	b1183d3091e0bd75e46dc01017d48984		https://www.encodeproject.org/files/ENCFF770YJW/@@download/ENCFF770YJW.bigWig	GRCh38				released		inconsistent platforms	incorrect file bucket	insufficient coverage	
ENCFF263KSB	bigWig	signal	ENCSR617FKV	whole-genome shotgun bisulfite sequencing	EFO:0003042	H1-hESC	cell line	Homo sapiens											DNA					False	2015-10-13	ENCODE				2							ENCFF161MAN, ENCFF546TLK	8402728740	ENCODE Processing Pipeline	5514e31a31afd9ceeba223ba3be27d21		https://www.encodeproject.org/files/ENCFF263KSB/@@download/ENCFF263KSB.bigWig	GRCh38				released		inconsistent platforms	incorrect file bucket	insufficient coverage	
ENCFF197OIO	bigWig	signal	ENCSR351IPU	whole-genome shotgun bisulfite sequencing	CL:0000182	hepatocyte	in vitro differentiated cells	Homo sapiens											DNA					False	2016-03-22	ENCODE				1							ENCFF114CLB, ENCFF161MAN	8126442523	ENCODE Processing Pipeline	01994d693a2d3360c375f65d146ceee6		https://www.encodeproject.org/files/ENCFF197OIO/@@download/ENCFF197OIO.bigWig	GRCh38				released			experiment not submitted to GEO, incorrect file bucket		
ENCFF669VYH	bigWig	signal	ENCSR351IPU	whole-genome shotgun bisulfite sequencing	CL:0000182	hepatocyte	in vitro differentiated cells	Homo sapiens											DNA					False	2016-03-22	ENCODE				2							ENCFF161MAN, ENCFF338JQR	8216629322	ENCODE Processing Pipeline	825f07ce2544f9e864d5b574f6874b0d		https://www.encodeproject.org/files/ENCFF669VYH/@@download/ENCFF669VYH.bigWig	GRCh38				released			experiment not submitted to GEO, incorrect file bucket		
ENCFF422YPS	bigWig	signal	ENCSR652ELW	whole-genome shotgun bisulfite sequencing	UBERON:0002106	spleen	tissue	Homo sapiens											DNA		QIAGEN DNeasy Blood & Tissue Kit			False	2013-07-31	Roadmap				1							ENCFF129CBM, ENCFF246HVP, ENCFF722OJB	8273704198	ENCODE Processing Pipeline	76c8389287fa627c4a6cb06d60889fe0		https://www.encodeproject.org/files/ENCFF422YPS/@@download/ENCFF422YPS.bigWig	GRCh38				released			incorrect file bucket		
ENCFF746OQX	bigWig	signal	ENCSR779PPR	whole-genome shotgun bisulfite sequencing	UBERON:0002367	prostate gland	tissue	Homo sapiens											DNA					False	2018-01-18	ENCODE				1							ENCFF161MAN, ENCFF955LGG	5644119044	ENCODE Processing Pipeline	35960ee63516732d748eedfc938740a5		https://www.encodeproject.org/files/ENCFF746OQX/@@download/ENCFF746OQX.bigWig	GRCh38				released			experiment not submitted to GEO, incorrect file bucket		
ENCFF276VKS	bigWig	signal	ENCSR577RUU	whole-genome shotgun bisulfite sequencing	UBERON:0000945	stomach	tissue	Homo sapiens											DNA		QIAGEN DNeasy Blood & Tissue Kit			False	2013-07-31	Roadmap				1							ENCFF246HVP, ENCFF297RGZ, ENCFF639KSF	5527111442	ENCODE Processing Pipeline	cc8e560b729fd414300546f636f172bf		https://www.encodeproject.org/files/ENCFF276VKS/@@download/ENCFF276VKS.bigWig	GRCh38				released			incorrect file bucket		
ENCFF348PRM	bigWig	signal	ENCSR093NGZ	whole-genome shotgun bisulfite sequencing	CL:0000221	ectodermal cell	in vitro differentiated cells	Homo sapiens											DNA		see document			False	2013-07-31	Roadmap				1							ENCFF112OJY, ENCFF161MAN, ENCFF183GPO, ENCFF246UBF	5416527308	ENCODE Processing Pipeline	24fb9c70f1e2250e1680b33b34e2c32e		https://www.encodeproject.org/files/ENCFF348PRM/@@download/ENCFF348PRM.bigWig	GRCh38				released			incorrect file bucket		
ENCFF905CSP	bigWig	signal	ENCSR542QVE	whole-genome shotgun bisulfite sequencing	EFO:0007098	iPS DF 6.9	cell line	Homo sapiens											DNA		QIAGEN DNeasy Blood & Tissue Kit			False	2013-07-31	Roadmap				1							ENCFF076DHC, ENCFF246HVP, ENCFF918JJX	3678131106	ENCODE Processing Pipeline	13350e1f59691b760cded02a5ee8940b		https://www.encodeproject.org/files/ENCFF905CSP/@@download/ENCFF905CSP.bigWig	GRCh38				released			incorrect file bucket	insufficient read length	
ENCFF250HPC	bigWig	signal	ENCSR458MAV	whole-genome shotgun bisulfite sequencing	UBERON:0002240	spinal cord	tissue	Homo sapiens											DNA		see document			False	2013-07-31	Roadmap				1							ENCFF031ZCF, ENCFF161MAN	4286470368	ENCODE Processing Pipeline	228fe4273211ed4f6d5e9d48d4734781		https://www.encodeproject.org/files/ENCFF250HPC/@@download/ENCFF250HPC.bigWig	GRCh38				released			incorrect file bucket		
ENCFF561WQA	bigWig	signal	ENCSR559QOU	whole-genome shotgun bisulfite sequencing	UBERON:0001043	esophagus	tissue	Homo sapiens											DNA		QIAGEN DNeasy Blood & Tissue Kit			False	2013-07-31	Roadmap				1							ENCFF231CCQ, ENCFF246HVP, ENCFF367QNV	8309472037	ENCODE Processing Pipeline	f10abe62343cd1a1c617fdc2b03acb1c		https://www.encodeproject.org/files/ENCFF561WQA/@@download/ENCFF561WQA.bigWig	GRCh38				released			incorrect file bucket		
ENCFF415APH	bigWig	signal	ENCSR583ONK	whole-genome shotgun bisulfite sequencing	CL:0000047	neural stem progenitor cell	in vitro differentiated cells	Homo sapiens											DNA		QIAGEN DNeasy Blood & Tissue Kit			False	2013-07-31	Roadmap				1							ENCFF047BZN, ENCFF246HVP	1186666646	ENCODE Processing Pipeline	d2c982291246357c36a1fcf90017752b		https://www.encodeproject.org/files/ENCFF415APH/@@download/ENCFF415APH.bigWig	GRCh38				released			incorrect file bucket	insufficient read length	
ENCFF352CJO	bigWig	signal	ENCSR999RWT	whole-genome shotgun bisulfite sequencing	UBERON:0000945	stomach	tissue	Homo sapiens											DNA		QIAGEN DNeasy Blood & Tissue Kit			False	2013-07-31	Roadmap				1							ENCFF246HVP, ENCFF553DNR, ENCFF661GJC, ENCFF737XVC	8128088324	ENCODE Processing Pipeline	20ef351d70a05e678fc374f8c5b50a26		https://www.encodeproject.org/files/ENCFF352CJO/@@download/ENCFF352CJO.bigWig	GRCh38				released			incorrect file bucket		
ENCFF238VMR	bigWig	signal	ENCSR414XEF	whole-genome shotgun bisulfite sequencing	UBERON:0008450	psoas muscle	tissue	Homo sapiens											DNA		QIAGEN DNeasy Blood & Tissue Kit			False	2013-07-31	Roadmap				1							ENCFF165QNS, ENCFF246HVP, ENCFF512FUD	5536685648	ENCODE Processing Pipeline	e5ac60594515074647be360250841ad4		https://www.encodeproject.org/files/ENCFF238VMR/@@download/ENCFF238VMR.bigWig	GRCh38				released			incorrect file bucket		
ENCFF140BNH	bigWig	signal	ENCSR724NZL	whole-genome shotgun bisulfite sequencing	UBERON:0002370	thymus	tissue	Homo sapiens											DNA		see document			False	2013-07-31	Roadmap				1							ENCFF161MAN, ENCFF545OQL	3978824978	ENCODE Processing Pipeline	e3d85771e51c91b915cce45d81d1e6fc		https://www.encodeproject.org/files/ENCFF140BNH/@@download/ENCFF140BNH.bigWig	GRCh38				released			incorrect file bucket		
ENCFF213FPF	bigWig	signal	ENCSR987GWQ	whole-genome shotgun bisulfite sequencing	UBERON:0001159	sigmoid colon	tissue	Homo sapiens											DNA		QIAGEN DNeasy Blood & Tissue Kit			False	2013-07-31	Roadmap				1							ENCFF194SXB, ENCFF246HVP, ENCFF705LNO	8424145675	ENCODE Processing Pipeline	097419f022870ef126d0a684bede3bd6		https://www.encodeproject.org/files/ENCFF213FPF/@@download/ENCFF213FPF.bigWig	GRCh38				released			incorrect file bucket		
ENCFF388NTJ	bigWig	signal	ENCSR284TCU	whole-genome shotgun bisulfite sequencing	CL:0000236	B cell	primary cell	Homo sapiens											DNA		see document			False	2013-07-31	Roadmap				1							ENCFF161MAN, ENCFF693KTE	4449766180	ENCODE Processing Pipeline	9dd609d43fd9a8de34e969decd2a1b9d		https://www.encodeproject.org/files/ENCFF388NTJ/@@download/ENCFF388NTJ.bigWig	GRCh38				released			incorrect file bucket		
ENCFF143DAH	bigWig	signal	ENCSR163TTI	whole-genome shotgun bisulfite sequencing	CL:0000134	mesenchymal stem cell	in vitro differentiated cells	Homo sapiens											DNA		see document			False	2013-07-31	Roadmap				1							ENCFF161MAN, ENCFF799EKL	4624441482	ENCODE Processing Pipeline	5c43ce4d70f5b2f75b0df877fd763100		https://www.encodeproject.org/files/ENCFF143DAH/@@download/ENCFF143DAH.bigWig	GRCh38				released			incorrect file bucket	insufficient coverage	inconsistent ontology term
ENCFF502PQA	bigWig	signal	ENCSR163TTI	whole-genome shotgun bisulfite sequencing	CL:0000134	mesenchymal stem cell	in vitro differentiated cells	Homo sapiens											DNA		see document			False	2013-07-31	Roadmap				2							ENCFF161MAN, ENCFF449SYQ	3505183404	ENCODE Processing Pipeline	03f173915b5c796770a410252e76f218		https://www.encodeproject.org/files/ENCFF502PQA/@@download/ENCFF502PQA.bigWig	GRCh38				released			incorrect file bucket	insufficient coverage	inconsistent ontology term
ENCFF390POK	bigWig	signal	ENCSR440MLE	whole-genome shotgun bisulfite sequencing	EFO:0005723	GM23248	cell line	Homo sapiens											DNA					False	2015-10-13	ENCODE				1							ENCFF079RGH, ENCFF161MAN	7648708151	ENCODE Processing Pipeline	1d0487a9872e804a565512ead706c565		https://www.encodeproject.org/files/ENCFF390POK/@@download/ENCFF390POK.bigWig	GRCh38				released			incorrect file bucket		
ENCFF983PQE	bigWig	signal	ENCSR440MLE	whole-genome shotgun bisulfite sequencing	EFO:0005723	GM23248	cell line	Homo sapiens											DNA					False	2015-10-13	ENCODE				2							ENCFF119ELB, ENCFF161MAN	7927407907	ENCODE Processing Pipeline	f011d8a7a47882ecd22230e1d29b4dac		https://www.encodeproject.org/files/ENCFF983PQE/@@download/ENCFF983PQE.bigWig	GRCh38				released			incorrect file bucket		
ENCFF448PPG	bigWig	signal	ENCSR682WKG	whole-genome shotgun bisulfite sequencing	UBERON:0001774	muscle of trunk	tissue	Homo sapiens											DNA		see document			False	2013-07-31	Roadmap				1							ENCFF161MAN, ENCFF793ZGA	4454875273	ENCODE Processing Pipeline	e11372586a0fa0973e75f9b2abadb8c4		https://www.encodeproject.org/files/ENCFF448PPG/@@download/ENCFF448PPG.bigWig	GRCh38				released			incorrect file bucket		
