,CCACCTAAGTCTCTCGCCTCTTACGGGTC,CCACCTGAGTCCCCCGCCTCTTAGGGGGC,CCACCTGAGTCCCTCGCCTCTTAGGGGGC,CCACCTGAGTCTCCCGCCTCTTACGGGTC,CCACCTGAGTCTCCCGCCTCTTAGGGGGC,CCACCTGAGTCTCTCGCCTCTTACGGGTC,CCACCTGAGTCTCTCGCCTCTTAGGGGGC,CCACCTGGGTCTCCCGCCTCTTACGGGTC,CCACCTGGGTCTCCCGCCTCTTAGGGGGC,CCACCTGGGTTTACCGCCTCTTAGGAGGC,CCACCTGGGTTTCCCGCCTCTTAGGAGGC,CCACCTGGGTTTCCCGCCTCTTAGGGGGC,CCTCCGAGCTCCCCTACCCGTTAGAGCTT,CCTCCGAGCTCCCCTGCCCGTTAGAGCTT,CCTCCGAGCTCCCCTGCCTCTTAGGAGGC,CCTCCGAGCTCCCCTGCCTGTTAGAGCTC,CCTCCGAGCTCCCCTGCCTGTTAGAGCTT,CCTCCGAGCTCCCCTGCTTGTTAGAGCTT,CCTCCGAGGTCTCCCGCCTCTTAGGGGGC,CCTCCTAGCTCCCCTGCCCGTTAGAGCTT,CCTCCTAGGTCTCCCGCCCGTTAGAGCTT,CCTCCTAGGTCTCCCGCCTCTTAGGAGGC,CCTCCTAGGTCTCCCGCCTCTTAGGGGGC,CCTCCTGGCTCCCCCGCCTCTTAGGGGGC,CCTCCTGGGGCTACCGTCTCTTAGGGGGC,CCTCCTGGGTCTCCCGCCTCTTAGGGGGC,CCTCCTGGGTTTCCCGCCTCTTAGGAGGC,CCTCTTAGGTCTCCCGCCTCTTAGGGGGC,CCTGCGGGGTCTCCCACCTCTTAGGAGGC,CCTGCTGAGTCTCTCGCCTCTTACGGGTC,CCTGCTGGGTCCCCTGCCTCTTAGGAGGC,CCTGCTGGGTCTCCCACCTCTTAGGAGGC,CCTGCTGGGTCTCCCGCCTCTTAGGAGGC,CCTGCTGGGTCTCCCGCCTCTTAGGGGGC,CCTGCTGGGTCTCCCGCCTGTTAGAGCTT,CCTGCTGGGTTTCCCGCCTCGTAGGGGGC,CCTGCTGGGTTTCCCGCCTCTCAGGAGGC,CCTGCTGGGTTTCCCGCCTCTTACGGGTC,CCTGCTGGGTTTCCCGCCTCTTAGGAGGC,CCTGCTGGGTTTCCCGCCTCTTAGGGGGC,CCTGCTGGGTTTCCCGCCTCTTTGGAGGC,CGACCTGAGTCTCTCGCCTCTTACGGGTC,CGACCTGAGTCTCTCGCCTCTTAGGGGGC,CGACCTGGGGCTACCGTCTCGTAGGGGGC,CGACCTGGGTTTCCCGCCTCTTAGGAGGC,CGTCCGAGCTCCCCCGCCTCTTTGGAGGC,CGTCCGAGCTCCCCCGCCTGTTAGAGCTT,CGTCCGAGCTCCCCTGCCCGTTACGGGTC,CGTCCGAGCTCCCCTGCCCGTTAGAGCTT,CGTCCGAGCTCCCCTGCCCGTTAGAGGTC,CGTCCGAGCTCCCCTGCCTGTTAGAGCTT,CGTCCGAGCTCCCCTGCCTGTTAGGAGGC,CGTCCGAGCTCCCCTGCTCGTTAGAGCTT,CGTCCGAGCTCCCCTGCTTGTTAGAGCTT,CGTCCTAGCTCCCCTGCCCGTTAGAGCTT,CGTCCTAGCTCCCCTGCCCGTTAGAGGTC,CGTCCTAGGTCTCCCGCCTCTTAGGGGGC,CGTCCTGGGGCTACCGCCTCTTAGGAGGC,CGTCCTGGGGCTACCGCCTCTTAGGGGGC,CGTCCTGGGGCTACCGTCTCGTAGGGGGC,CGTCCTGGGGCTACCGTCTCTTAGGGGGC,CGTCCTGGGGCTACTGTCTCGTAGGGGGC,GCTCCTGGCTCCCCCGCCTCTTACGGGTC,GGTCCTGGGTCCCCCACCTCTTAGGGGGC,GGTCCTGGGTCCCCCGCCTCTTAGGGGGC,GGTCCTGGGTTCCCCACCTCTTAGGGGGC
CCACCGGAGTCTCTCGCCTCTTACGGGTC,0,0,0,0,0,0,0,0,0,0,0,0,0,0,0,0,0,0,0,0,0,0,0,0,0,0,0,0,0,0,0,0,0,0,0,0,0,0,0,0,0,0,0,0,0,0,0,0,1,0,0,0,0,0,0,0,0,0,0,0,0,0,0,0,0,0
CCACCGGGGTCTCCCGCCTCTTACGGGTC,0,0,0,0,0,1,0,0,0,0,0,0,0,0,0,0,0,0,0,0,0,0,0,0,0,0,0,0,0,0,0,0,0,0,0,0,0,0,0,0,1,0,0,0,0,0,0,0,0,0,0,0,0,0,0,0,0,0,0,1,0,0,0,0,0,0
CCACCTAGGTCTCCCGCCTCTTAGGGGGC,0,0,0,0,0,0,0,0,0,0,0,0,0,0,0,0,0,0,0,0,0,0,0,0,0,0,0,0,0,0,0,0,0,0,0,0,0,0,1,0,0,0,0,0,0,0,0,0,0,0,0,0,0,0,0,0,0,0,0,0,0,0,0,0,0,0
CCACCTGAGTCTCTCGCCCGTTAGAGCTT,0,0,0,0,0,0,0,0,0,0,0,0,0,0,0,0,0,0,0,0,0,0,0,0,0,0,0,0,0,0,0,0,0,0,0,0,0,0,0,0,0,0,0,0,0,0,0,0,1,0,0,0,0,0,0,0,0,0,0,0,0,0,0,0,0,0
CCACCTGAGTCTCTCGCCTCTTACGGGTC,0,0,0,0,0,5,0,3,0,0,0,0,0,1,0,0,0,0,0,0,0,0,0,0,0,0,0,0,0,0,0,0,0,0,0,0,1,0,49,0,6,0,0,0,0,0,0,0,9,0,0,0,0,0,0,0,0,0,0,7,4,0,0,0,0,0
CCACCTGAGTCTCTCGCCTCTTAGGAGGC,0,0,0,0,0,0,0,0,0,0,0,0,0,0,0,0,0,0,0,0,0,0,0,0,0,0,0,0,0,0,0,0,0,0,0,0,1,0,6,0,0,0,0,0,0,0,0,0,0,0,0,0,0,0,0,0,0,0,0,0,0,0,0,0,0,0
CCACCTGGGTCCCCTGCCCGTTAGAGCTT,0,0,0,0,0,0,0,0,0,0,0,0,0,0,0,0,1,0,0,0,0,0,0,0,0,0,0,0,0,0,0,0,0,0,0,0,0,0,0,0,0,0,0,0,0,0,0,0,0,0,0,0,0,0,0,0,0,0,0,0,0,0,0,0,0,0
CCACCTGGGTCTCCCGCCTCTTACGGGTC,0,0,0,0,0,1,0,5,0,0,0,0,0,4,0,0,0,1,0,0,0,0,7,0,0,0,0,0,0,0,0,1,0,0,1,0,0,0,12,0,9,0,0,0,0,0,0,2,36,0,0,0,2,1,0,0,0,0,0,3,0,0,0,1,0,1
CCACCTGGGTTTCCCGCCTCTTAGGAGGC,0,0,0,0,0,5,0,0,0,0,2,0,0,0,0,0,0,0,0,0,0,0,41,0,0,0,0,5,0,0,0,0,0,0,0,0,0,0,0,0,0,0,0,0,0,0,0,0,0,0,0,0,0,0,0,0,0,0,0,0,7,0,0,0,0,0
CCACCTGGGTTTCCCGCCTCTTAGGGGGC,0,0,0,0,0,0,0,0,0,0,0,0,0,0,0,0,0,0,0,0,0,0,8,0,0,0,0,0,0,0,0,0,0,0,0,0,0,0,0,0,0,0,0,0,0,0,0,0,0,0,0,0,0,0,0,0,0,0,0,0,0,0,0,0,0,0
CCACCTGGGTTTCTCGCCTCTTAGGAGGC,0,0,0,0,0,0,0,0,0,0,0,0,0,0,0,0,0,0,0,0,0,0,1,0,0,0,0,0,0,0,0,0,0,0,0,0,0,0,0,0,0,0,0,0,0,0,0,0,0,0,0,0,0,0,0,0,0,0,0,0,0,0,0,0,0,0
CCAGCTGGGTTTCCCGCCTCTCAGGAGGC,0,0,0,0,0,0,0,0,0,0,0,0,0,0,0,0,0,0,0,0,0,0,1,0,0,0,0,0,0,0,0,0,0,0,0,0,0,0,0,0,0,0,0,0,0,0,0,0,0,0,0,0,0,0,0,0,0,0,0,0,0,0,0,0,0,0
CCTCCGAGCTCCCCTACCCGTTAGAGCTT,0,0,0,0,0,1,0,0,0,0,0,0,0,0,0,0,0,0,0,0,0,0,0,0,0,0,0,0,0,0,0,0,0,0,0,0,0,0,0,0,0,0,0,0,0,0,0,0,0,0,0,0,0,0,0,0,0,0,0,1,0,0,0,0,0,0
CCTCCGAGCTCCCCTGCCCGTTAGAGCTT,0,0,0,0,0,0,0,0,0,0,0,0,0,0,1,0,0,1,0,0,0,0,0,0,0,0,0,0,0,0,0,0,0,0,0,0,0,0,0,0,0,0,0,0,0,0,0,0,3,0,0,0,0,0,0,0,0,0,0,0,0,0,0,0,0,0
CCTCCGAGCTCCCCTGCCTGTTAGAGCTT,0,0,0,0,0,0,0,0,0,0,0,0,0,0,0,0,0,0,0,0,0,0,0,0,0,0,0,0,0,0,0,0,0,0,0,0,0,0,0,0,0,0,0,0,0,0,0,0,5,0,0,0,0,0,1,0,0,0,0,0,0,0,0,0,0,0
CCTCCGAGCTCCCCTGCTTGTTAGAGCTT,0,0,0,0,0,0,0,0,0,0,0,0,0,0,0,0,0,0,0,0,0,0,0,0,0,0,0,0,0,0,0,0,0,0,0,0,0,0,0,0,0,0,0,0,0,0,0,0,17,0,0,0,0,0,2,0,0,0,0,0,0,0,0,0,0,0
CCTCCGGGCTCCCCCGCCCGTTTGAGCTT,0,0,0,0,0,0,0,0,0,0,0,0,0,0,0,0,0,0,0,0,0,0,0,0,0,0,0,0,0,0,0,0,0,0,0,0,0,0,1,0,0,0,0,0,0,0,0,0,0,0,0,0,0,0,0,0,0,0,0,0,0,0,0,0,0,0
CCTCCGGGCTCCCCCGCCTCTTAGGGGGC,0,0,0,0,0,0,0,0,0,0,0,0,0,0,0,0,0,0,0,0,0,0,0,0,0,0,0,0,0,0,0,0,0,0,0,0,0,0,0,0,0,0,0,0,0,0,0,0,1,0,0,0,0,0,0,0,0,0,0,0,0,0,0,0,0,0
CCTCCTAGCTCCCCTGCCCGTTAGAGCTT,0,0,0,0,0,0,0,0,0,0,0,0,0,0,0,0,0,1,0,0,0,0,0,0,0,0,0,0,0,0,0,0,0,0,0,0,0,0,0,0,0,0,0,0,0,0,0,0,0,0,1,0,0,0,0,0,0,0,0,0,0,0,0,0,0,0
CCTCCTAGGGCTCCCGCCTCTTAGGGGGC,0,0,0,0,0,0,0,0,0,0,0,0,0,0,0,0,0,0,0,0,0,0,1,0,0,0,0,0,0,0,0,0,0,0,0,0,0,0,0,0,0,0,0,0,0,0,0,0,0,0,0,0,0,0,0,0,0,0,0,0,0,0,0,0,0,0
CCTCCTAGGTCTCCCGCCCGTTAGAGCTT,0,0,0,0,0,0,0,2,0,0,0,0,0,0,0,0,0,0,0,0,0,0,0,0,0,0,0,0,0,0,0,0,0,0,0,0,0,0,4,0,0,0,0,0,0,0,0,0,3,0,0,0,0,1,0,0,0,0,0,0,0,0,0,0,0,0
CCTCCTAGGTCTCCCGCCCGTTTGAGCTT,0,0,0,0,0,0,0,0,0,0,0,0,0,0,0,0,0,0,0,0,0,0,0,0,0,0,0,0,0,0,0,0,0,0,0,0,0,0,3,0,0,0,0,0,0,0,0,0,0,0,0,0,0,0,0,0,0,0,0,0,0,0,0,0,0,0
CCTCCTAGGTCTCCCGCCTCTTAGGAGGC,0,0,0,0,0,1,0,0,0,0,0,0,0,0,0,0,0,0,0,0,0,0,1,0,0,0,0,0,0,0,0,0,0,0,0,0,0,0,4,0,0,0,0,0,0,0,0,0,1,0,0,0,0,0,0,0,0,0,0,1,0,0,0,0,0,0
CCTCCTAGGTCTCCCGCCTCTTAGGGGGC,0,0,1,1,2,54,0,0,0,0,1,0,0,2,0,0,0,0,1,0,3,3,297,0,1,0,0,0,0,1,0,3,0,3,0,0,0,1,451,5,0,1,1,1,0,0,0,0,37,0,0,1,1,2,6,0,1,0,0,83,36,1,0,0,0,0
CCTCCTAGGTCTCCCGCTCGTTAGAGCTT,0,0,0,0,0,1,0,0,0,0,0,0,0,0,0,0,0,0,0,0,0,0,0,0,0,0,0,0,0,0,0,0,0,0,0,0,0,0,1,0,0,0,0,0,0,0,0,0,0,0,0,0,0,0,0,0,0,0,0,0,0,0,0,0,0,0
CCTCCTAGGTCTCCCGCTTGTTAGAGCTT,0,0,0,0,0,0,0,0,0,0,0,0,0,0,0,0,0,0,0,0,0,0,0,0,0,0,0,0,0,0,0,0,0,0,0,0,0,0,0,0,0,0,0,0,0,0,0,0,2,0,0,0,0,0,1,0,0,0,0,0,0,0,0,0,0,0
CCTCCTAGGTCTCCCGTCTCGTAGGGGGC,0,0,0,0,0,0,0,0,0,0,0,0,0,0,0,0,0,0,0,0,0,0,0,0,0,0,0,0,0,0,0,0,0,0,0,0,0,0,1,0,0,0,0,0,0,0,0,0,0,0,0,0,0,0,0,0,0,0,0,0,0,0,0,0,0,0
CCTCCTAGGTCTCCCGTCTCTTAGGGGGC,0,0,0,0,0,0,0,0,0,0,0,0,0,0,0,0,0,0,0,0,0,0,0,0,0,0,0,0,0,0,0,0,0,0,0,0,0,0,1,0,0,0,0,0,0,0,0,0,0,0,0,0,0,0,0,0,0,0,0,0,0,0,0,0,0,0
CCTCCTGGCTCCCCCACCTCTTAGGAGGC,0,0,0,0,0,0,0,0,1,0,0,0,0,0,0,0,0,0,0,0,0,0,0,0,0,0,0,0,0,0,0,0,0,0,0,0,0,0,0,0,0,0,0,0,0,0,0,0,0,0,0,0,0,0,0,0,0,0,0,0,0,0,0,0,0,0
CCTCCTGGCTCCCCCGCCCGTTAGAGCTT,0,0,0,0,0,0,0,0,0,0,0,0,0,0,0,0,0,0,0,0,0,0,0,0,0,0,0,0,0,0,0,0,0,0,0,0,0,0,1,0,0,0,0,0,0,0,0,0,0,0,0,0,0,0,0,0,0,0,0,1,0,0,0,0,0,0
CCTCCTGGCTCCCCCGCCTCTTAGGAGGC,0,0,0,0,0,0,0,0,0,0,0,0,0,0,0,0,0,0,0,0,0,0,1,0,0,0,0,0,0,0,0,0,0,0,0,0,0,0,0,0,0,0,0,0,0,0,0,0,0,0,0,0,0,0,0,0,0,0,0,0,0,0,0,0,0,0
CCTCCTGGCTCCCCCGCCTCTTAGGGGGC,0,0,0,0,0,5,0,3,0,0,0,0,0,2,0,0,0,0,0,0,0,0,2,2,0,0,0,0,0,0,0,1,0,0,0,0,0,0,10,0,3,0,0,0,0,0,1,0,14,0,1,0,0,1,1,0,0,0,0,0,1,0,1,0,1,0
CCTCCTGGCTCCCCCGCTCGTTAGAGCTT,0,0,0,0,0,0,0,0,0,0,0,0,0,0,0,0,0,0,0,0,0,0,1,0,0,0,0,0,0,0,0,0,0,0,0,0,0,0,0,0,0,0,0,0,0,0,0,0,0,0,0,0,0,0,0,0,0,0,0,0,0,0,0,0,0,0
CCTCCTGGCTCTCCCGCCTCTTAGGAGGC,0,0,0,0,0,0,0,0,0,0,0,0,0,0,0,0,0,0,0,0,0,0,0,0,0,0,0,0,0,0,0,0,0,0,0,0,0,0,1,0,0,0,0,0,0,0,0,0,0,0,0,0,0,0,0,0,0,0,0,0,0,0,0,0,0,0
CCTCCTGGCTCTCCCGCCTCTTAGGGGGC,0,0,0,0,0,0,0,1,0,0,0,0,0,0,0,0,0,0,0,0,0,0,0,0,0,0,0,0,0,0,0,0,0,0,0,0,0,0,3,0,2,0,0,0,0,0,0,0,2,0,0,0,0,0,0,0,0,0,0,0,0,0,0,0,0,0
CCTCCTGGCTCTCTCGCCTCTTACGGGTC,0,0,0,0,0,0,0,0,0,0,0,0,0,0,0,0,0,0,0,0,0,0,0,0,0,0,0,0,0,0,0,0,0,0,0,0,0,0,0,0,1,0,0,0,0,0,0,0,0,0,0,0,0,0,0,0,0,0,0,0,0,0,0,0,0,0
CCTCCTGGGGCTACCGTCTCGTAGGGGGC,0,0,0,0,0,0,0,0,0,0,0,0,0,0,0,0,0,0,0,0,0,0,0,0,0,0,0,0,0,0,0,0,0,0,0,0,0,0,0,0,0,0,0,0,0,0,0,0,0,0,0,0,0,0,0,0,0,0,0,3,0,0,0,0,0,0
CCTCCTGGGTCCCCCGCCCGTTAGAGCTT,0,0,0,0,0,0,0,0,0,0,0,0,0,0,0,0,0,0,0,0,0,0,0,0,0,0,0,0,0,0,0,0,0,0,0,0,0,0,1,0,0,0,0,0,0,0,0,0,0,0,0,0,0,0,0,0,0,0,0,0,0,0,0,0,0,0
CCTCCTGGGTCCCCCGCCTCTTAGGGGGC,0,0,0,0,0,0,0,0,0,0,0,0,0,0,0,0,0,0,0,0,0,0,0,1,0,0,0,0,0,0,0,0,0,0,0,0,0,0,0,0,0,0,0,0,0,0,0,0,3,0,0,0,0,1,0,0,0,0,0,0,0,0,0,0,0,0
CCTCCTGGGTCTCCCACCTCTTAGGAGGC,0,0,0,0,0,0,0,0,0,0,0,0,0,0,0,0,0,0,0,0,0,0,0,0,0,0,0,0,0,0,0,0,1,0,0,0,0,0,0,0,0,0,0,0,0,0,0,0,0,0,0,0,0,0,0,0,0,0,0,0,0,0,0,0,0,0
CCTCCTGGGTTTCCCGCCTCTTAGGAGGC,0,0,0,0,0,1,0,0,0,0,0,0,0,0,0,0,0,0,0,0,0,0,1,0,0,0,1,0,0,0,0,0,0,0,0,0,0,0,0,0,0,0,0,0,0,0,0,0,1,0,0,0,0,0,2,0,0,0,0,1,1,0,0,0,0,0
CCTCTTAGGTCTCCCGCCTCTTAGGAGGC,0,0,0,0,0,0,0,0,0,0,0,0,0,0,0,0,0,0,0,0,0,0,1,0,0,0,0,0,0,0,0,0,0,0,0,0,0,0,0,0,0,0,0,0,0,0,0,0,0,0,0,0,0,0,0,0,0,0,0,1,0,0,0,0,0,0
CCTCTTAGGTCTCCCGCCTCTTAGGGGGC,0,0,0,0,0,0,0,0,0,0,0,0,0,0,0,0,0,0,0,0,0,0,17,0,0,1,0,1,0,0,0,0,0,0,0,0,0,0,15,0,0,0,0,0,0,0,0,0,2,0,0,0,0,0,0,0,0,0,0,4,2,0,0,0,0,0
CCTCTTAGGTCTCCCGTCTCGTAGGGGGC,0,0,0,0,0,0,0,0,0,0,0,0,0,0,0,0,0,0,0,0,0,0,1,0,0,0,0,0,0,0,0,0,0,0,0,0,0,0,0,0,0,0,0,0,0,0,0,0,0,0,0,0,0,0,0,0,0,0,0,0,0,0,0,0,0,0
CCTGCTAGGTCTCCCGCCTCTTAGGGGGC,0,0,0,0,0,0,0,0,0,0,0,0,0,0,0,0,0,0,0,0,0,0,0,0,0,0,0,0,0,0,0,0,0,0,0,0,0,0,1,0,0,0,0,0,0,0,0,0,0,0,0,0,0,0,0,0,0,0,0,0,0,0,0,0,0,0
CCTGCTGAGTCTCTCGCCTCTTACGGGTC,0,0,0,0,0,0,0,0,0,0,0,0,0,0,0,0,0,0,0,0,0,0,0,0,0,0,0,0,0,0,1,0,0,0,0,0,0,0,3,0,0,0,0,0,0,0,0,0,1,0,0,0,0,0,0,0,0,0,0,0,0,0,0,0,0,0
CCTGCTGGGTCCCCTGCCTCTTAGGAGGC,0,0,0,0,0,0,0,0,0,0,0,0,0,0,0,0,0,0,0,0,0,0,0,0,0,0,0,0,0,0,0,1,0,0,0,0,0,0,0,0,0,0,0,0,0,0,0,0,1,0,0,0,0,0,0,0,0,0,0,0,0,0,0,0,0,0
CCTGCTGGGTCTCCCACCTCTTAGGAGGC,0,0,0,0,0,3,0,0,0,0,0,0,0,2,0,0,0,0,0,0,0,0,0,0,0,0,0,0,0,0,0,0,0,0,0,0,0,0,0,0,0,0,0,0,0,0,0,0,11,0,0,0,1,0,0,0,0,0,0,0,0,0,0,0,0,0
CCTGCTGGGTCTCCCGCCTCTTAGGAGGC,0,0,0,0,0,1,0,0,0,0,0,0,0,0,0,0,0,0,0,0,0,0,0,0,0,0,0,0,0,0,0,0,0,0,0,0,0,0,0,0,0,0,0,0,0,0,0,0,1,0,0,0,0,1,0,0,0,0,0,0,0,0,0,0,0,0
CCTGCTGGGTCTCCCGCCTCTTAGGGGGC,0,0,0,0,0,0,0,0,0,0,0,0,0,0,0,0,0,0,0,0,0,0,0,0,0,0,0,0,0,0,0,0,0,0,0,0,0,0,2,0,0,0,0,0,0,0,0,0,0,0,0,0,0,0,0,0,0,0,0,2,0,0,0,0,0,0
CCTGCTGGGTTCCCCGCCTCTTAGGGGGC,0,0,0,0,0,0,0,0,0,0,0,0,0,0,0,0,0,0,0,0,0,0,0,0,0,0,0,0,0,0,0,0,0,0,0,0,0,0,0,0,0,0,0,0,0,0,0,0,1,0,0,0,0,0,0,0,0,0,0,0,0,0,0,0,0,0
CCTGCTGGGTTCCCCGCCTGTTAGAGCTT,0,0,0,0,0,0,0,0,0,0,0,0,0,0,0,0,0,0,0,0,0,0,0,0,0,0,0,0,0,0,0,0,0,0,0,0,0,0,0,0,0,0,0,0,0,0,0,0,1,0,0,0,0,0,0,0,0,0,0,0,0,0,0,0,0,0
CCTGCTGGGTTTCCCGCCTCTCAGGAGGC,0,0,0,0,0,0,0,0,0,0,0,0,0,0,0,0,0,0,0,0,0,2,14,0,0,0,0,2,0,0,0,0,0,0,0,0,2,0,29,0,0,0,0,0,0,0,0,0,0,0,0,0,0,0,0,0,0,0,0,1,1,0,0,0,0,0
CCTGCTGGGTTTCCCGCCTCTTACGGGTC,0,0,0,0,0,0,0,0,0,0,0,0,0,0,0,0,0,0,0,0,0,0,0,0,0,0,0,0,0,0,0,0,0,0,0,0,0,0,0,0,0,0,0,0,0,0,0,0,0,0,0,0,0,0,0,0,0,0,0,1,0,0,0,0,0,0
CCTGCTGGGTTTCCCGCCTCTTAGGAGGC,1,0,0,0,0,0,0,0,0,1,40,2,0,7,0,0,0,0,1,0,0,0,30,0,0,0,1,0,1,1,0,7,2,3,1,1,8,0,401,3,0,0,0,0,1,0,0,2,57,1,0,0,6,1,3,1,0,1,0,64,40,0,0,0,0,0
CCTGCTGGGTTTCCCGCCTCTTAGGGGGC,0,0,0,0,0,0,0,0,0,0,0,0,0,0,0,0,0,0,0,0,0,0,0,0,0,0,0,0,0,0,0,0,0,0,0,0,0,0,2,0,0,0,0,0,0,0,0,0,0,0,0,0,0,0,0,0,0,0,0,3,0,0,0,0,0,0
CCTGCTGGGTTTCCCGCCTCTTTGGAGGC,0,1,0,0,0,0,0,0,0,0,0,0,0,1,0,0,0,0,0,1,0,0,7,0,0,0,0,0,0,0,0,3,0,0,0,0,0,0,15,0,7,0,0,0,0,0,0,0,28,0,0,0,1,1,1,0,0,0,0,0,0,0,0,0,0,0
CGACCTGGGTCTCCCGCCTCTTACGGGTC,0,0,0,0,0,0,0,0,0,0,0,0,0,0,0,0,0,0,0,0,0,0,1,0,0,0,0,0,0,0,0,0,0,0,0,0,0,0,0,0,0,0,0,0,0,0,0,0,0,0,0,0,0,0,0,0,0,0,0,0,0,0,0,0,0,0
CGTCCGAGCTCCCCTGCCCGTTACGGGTC,0,0,0,0,0,0,0,0,0,0,0,0,0,0,0,0,0,0,0,0,0,0,0,0,0,0,0,0,0,0,0,0,0,0,0,0,0,0,0,0,0,0,0,0,0,0,0,0,1,0,0,0,0,0,0,0,0,0,0,0,0,0,0,0,0,0
CGTCCGAGCTCCCCTGCCCGTTAGAGCTT,0,1,0,0,0,0,1,0,0,0,1,0,0,5,1,1,2,10,0,1,0,0,0,0,0,0,0,0,0,0,0,0,0,0,0,0,0,0,0,0,0,0,0,0,0,1,0,0,19,0,3,0,0,15,4,0,0,0,0,0,0,0,0,0,0,0
CGTCCGAGCTCCCCTGCCTGTTAGAGCTT,0,0,0,0,0,0,0,0,0,0,0,0,0,0,0,0,0,0,0,0,0,0,0,0,0,0,0,0,0,0,0,0,0,0,0,0,0,0,0,0,0,0,0,0,0,0,0,0,7,0,0,0,0,0,0,0,0,0,0,0,0,0,0,0,0,0
CGTCCGAGCTCCCCTGCTTGTTAGAGCTT,0,0,0,0,0,0,0,0,0,0,0,0,1,0,0,0,0,0,0,0,0,0,0,0,0,0,0,0,0,0,0,0,0,0,0,0,0,0,0,0,0,0,0,0,0,0,0,0,5,0,0,0,0,0,0,0,0,0,0,0,0,0,0,0,0,0
CGTCCGGGCTCCCCCGCCTCTTAGGGGGC,0,0,0,0,0,0,0,0,0,0,0,0,0,0,0,0,0,0,0,0,0,0,0,0,0,0,0,0,0,0,0,0,0,0,0,0,0,0,0,0,0,0,0,0,0,0,0,0,1,0,0,0,0,0,0,0,0,0,0,0,0,0,0,0,0,0
CGTCCTAGCTCCCCCGCCTCTTAGGGGGC,0,0,0,0,0,1,0,0,0,0,0,0,0,0,0,0,0,0,0,0,0,0,0,0,0,0,0,0,0,0,0,0,0,0,0,0,0,0,0,0,0,0,0,0,0,0,0,0,0,0,0,0,0,0,0,0,0,0,0,0,0,0,0,0,0,0
CGTCCTAGCTCCCCTGCCCGTTACGGGTC,0,0,0,0,0,0,0,0,0,0,0,0,0,0,0,0,0,0,0,0,0,0,0,0,0,0,0,0,0,0,0,0,0,0,0,0,0,0,0,0,0,0,0,0,0,0,0,0,1,0,0,0,0,0,0,0,0,0,0,0,0,0,0,0,0,0
CGTCCTAGCTCCCCTGCCCGTTAGAGCTT,0,0,0,0,0,0,0,0,0,0,0,0,0,0,0,0,0,0,0,0,0,0,0,0,0,0,0,0,0,0,0,0,0,0,0,0,0,0,0,0,0,0,0,0,0,0,0,0,1,0,0,0,0,5,0,0,0,0,0,0,0,0,0,0,0,0
CGTCCTAGCTCCCCTGCCTCTTAGGAGGC,0,0,0,0,0,0,0,0,0,0,0,0,0,0,0,0,0,0,0,0,0,0,0,0,0,0,0,0,0,0,0,0,0,0,0,0,0,0,0,0,0,0,0,0,0,0,0,0,1,0,0,0,0,0,0,0,0,0,0,0,0,0,0,0,0,0
CGTCCTGGCTCCCCCGCCTCTTAGGGGGC,0,0,0,0,0,0,0,0,0,0,0,0,0,0,0,0,0,0,0,0,0,0,0,0,0,0,0,0,0,0,0,0,0,0,0,0,0,0,1,0,0,0,0,0,0,0,0,0,3,0,0,0,0,0,0,0,0,0,0,0,0,0,0,0,0,0
CGTCCTGGGGCTACCGCCTCTTAGGAGGC,0,0,0,0,0,0,0,0,0,0,0,0,0,0,0,0,0,0,0,0,0,0,0,0,0,0,0,0,0,0,0,0,0,0,0,0,0,0,0,0,0,0,0,0,0,0,0,0,0,0,0,0,0,0,0,0,0,0,1,0,0,0,0,0,0,0
CGTCCTGGGGCTACCGTCTCGTAGGGGGC,0,0,0,0,0,0,0,0,0,0,8,0,0,0,0,0,0,0,0,0,0,0,0,0,0,0,0,0,0,0,0,0,0,0,0,0,0,0,0,0,0,0,0,0,0,0,0,0,1,0,0,0,0,0,0,0,0,0,0,9,5,0,0,0,0,0
CGTCCTGGGGCTACCGTCTCTTAGGGGGC,0,0,0,0,0,0,0,0,0,0,0,0,0,3,0,0,0,1,0,0,0,0,0,0,0,0,0,0,0,0,0,0,0,0,0,0,0,0,0,0,0,0,0,0,0,0,0,0,2,0,0,0,1,0,0,0,0,0,0,0,3,0,0,0,0,0
CGTCCTGGGTCCCCCGCCTCTTAGGGGGC,0,0,0,0,0,0,0,0,0,0,0,0,0,0,0,0,0,0,0,0,0,0,0,0,0,0,0,0,0,0,0,0,0,0,0,0,0,0,4,0,0,0,0,0,0,0,0,0,4,0,0,0,1,0,0,0,0,0,0,0,0,0,0,0,0,0
CGTGCTGGGTTTCCCGCCTCTTTGGAGGC,0,0,0,0,0,0,0,0,0,0,0,0,0,0,0,0,0,0,0,0,0,0,0,0,0,0,0,0,0,0,0,0,0,0,0,0,0,0,1,0,0,0,0,0,0,0,0,0,0,0,0,0,0,0,0,0,0,0,0,0,0,0,0,0,0,0
GCTCCTAGGTCTCCCGCCTCTTAGGGGGC,0,0,0,0,0,0,0,0,0,0,0,0,0,0,0,0,0,0,0,0,0,0,0,0,0,0,0,0,0,0,0,0,0,0,0,0,0,0,1,0,0,0,0,0,0,0,0,0,0,0,0,0,0,0,0,0,0,0,0,0,0,0,0,0,0,0
GCTCCTGGCTCCCCCACCTCTTAGGAGGC,0,0,0,0,0,0,0,0,0,0,0,0,0,2,0,0,0,0,0,0,0,0,2,0,0,0,0,0,0,0,0,0,0,0,0,0,0,0,1,0,0,0,0,0,0,0,0,0,1,0,0,0,0,0,0,0,0,0,0,0,0,0,0,0,0,0
GCTCCTGGCTCCCCCGCCTCTTACGGGTC,0,0,0,0,0,0,0,1,0,0,0,0,0,0,0,0,0,0,0,0,0,0,0,0,0,0,0,0,0,0,0,0,0,0,0,0,0,0,0,0,0,0,0,0,0,0,0,0,1,0,0,0,0,0,0,0,0,0,0,0,0,0,0,0,0,0
GCTCCTGGCTCCCCCGCCTCTTAGGAGGC,0,0,0,0,0,1,0,3,0,0,0,0,0,1,0,0,0,0,0,0,0,0,4,0,0,0,0,0,0,0,0,0,0,0,0,0,0,0,5,0,2,0,0,0,0,0,0,0,13,0,0,0,1,1,0,0,0,0,0,2,1,0,0,0,0,0
GCTCCTGGCTCCCCCGCCTCTTAGGAGGT,0,0,0,0,0,0,0,0,0,0,0,0,0,0,0,0,0,0,0,0,0,0,0,0,0,0,0,0,0,0,0,0,0,0,0,0,0,0,1,0,0,0,0,0,0,0,0,0,0,0,0,0,0,0,0,0,0,0,0,0,0,0,0,0,0,0
GCTCCTGGCTCTCCCACCTCTTAGGAGGC,0,0,0,0,0,0,0,0,0,0,0,0,0,0,0,0,0,0,0,0,0,0,0,0,0,0,0,0,0,0,0,0,0,0,0,0,0,0,1,0,0,0,0,0,0,0,0,0,0,0,0,0,0,0,0,0,0,0,0,0,0,0,0,0,0,0
GCTCCTGGCTCTCCCGCCTCTTAGGAGGC,0,0,0,0,0,0,0,0,0,0,0,0,0,0,0,0,0,0,0,0,0,0,0,0,0,0,0,0,0,0,0,0,0,0,0,0,0,0,1,0,0,0,0,0,0,0,0,0,0,0,0,0,0,0,0,0,0,0,0,0,0,0,0,0,0,0
GGTCCGGGGTCCCCCACCTCTTAGGGGGC,0,0,0,0,0,0,0,0,0,0,0,0,0,0,0,0,0,0,0,0,0,0,1,0,0,0,0,0,0,0,0,0,0,0,0,0,0,0,0,0,0,0,0,0,0,0,0,0,0,0,0,0,0,0,0,0,0,0,0,0,0,0,0,0,0,0
GGTCCTGGGTCCCCCACCTCTTAGGGGGC,0,0,0,0,0,0,1,2,0,0,1,0,0,0,0,0,0,0,0,0,0,0,3,0,0,0,0,0,0,0,0,0,0,0,0,0,0,0,3,0,2,0,0,0,0,0,0,0,7,0,0,0,2,1,0,0,0,0,0,0,0,0,0,0,0,0
GGTCCTGGGTCCCCCGCCCGTTAGAGCTT,0,0,0,0,0,0,0,0,0,0,0,0,0,0,0,0,0,0,0,0,0,0,0,0,0,0,0,0,0,0,0,0,0,0,0,0,0,0,0,0,0,0,0,0,0,0,0,0,1,0,0,0,0,0,0,0,0,0,0,0,0,0,0,0,0,0
GGTCCTGGGTCCCCCGCCTCTTAGGGGGC,0,0,0,0,0,0,0,0,0,0,0,0,0,0,0,0,0,0,0,0,0,0,0,0,0,0,0,0,0,0,0,0,0,0,0,0,0,0,0,0,0,0,0,0,0,0,0,0,2,0,0,0,0,0,0,0,0,0,0,0,0,0,0,0,0,0
